ISO-10303-21;
HEADER;
FILE_DESCRIPTION (( 'STEP AP214' ),
    '1' );
FILE_NAME ('6862I²úÆ·.STEP',
    '2026-05-12T02:53:56',
    ( '' ),
    ( '' ),
    'SwSTEP 2.0',
    'SolidWorks 2023',
    '' );
FILE_SCHEMA (( 'AUTOMOTIVE_DESIGN' ));
ENDSEC;

DATA;
#1 = LINE ( 'NONE', #1743, #1306 ) ;
#2 = ORIENTED_EDGE ( 'NONE', *, *, #469, .T. ) ;
#3 = LINE ( 'NONE', #697, #101 ) ;
#4 = EDGE_CURVE ( 'NONE', #93, #1675, #229, .T. ) ;
#5 = ADVANCED_FACE ( 'NONE', ( #1116 ), #1129, .F. ) ;
#6 = DIRECTION ( 'NONE',  ( -5.421010862427523156E-16, -1.000000000000000000, 0.000000000000000000 ) ) ;
#7 = LINE ( 'NONE', #2059, #1974 ) ;
#8 = DIRECTION ( 'NONE',  ( -3.907034855803619920E-16, 1.000000000000000000, 0.000000000000000000 ) ) ;
#9 = PRODUCT_CONTEXT ( 'NONE', #2201, 'mechanical' ) ;
#10 = ORIENTED_EDGE ( 'NONE', *, *, #1902, .F. ) ;
#11 = ORIENTED_EDGE ( 'NONE', *, *, #2182, .F. ) ;
#12 = EDGE_LOOP ( 'NONE', ( #2242, #1999, #415, #1213 ) ) ;
#13 = CIRCLE ( 'NONE', #1960, 2.899999999999999911 ) ;
#14 = FACE_OUTER_BOUND ( 'NONE', #2211, .T. ) ;
#15 = AXIS2_PLACEMENT_3D ( 'NONE', #1679, #1159, #471 ) ;
#16 = STYLED_ITEM ( 'NONE', ( #2245 ), #321 ) ;
#17 = PLANE ( 'NONE',  #1369 ) ;
#18 = CARTESIAN_POINT ( 'NONE',  ( 0.000000000000000000, 0.000000000000000000, 0.000000000000000000 ) ) ;
#19 = ORIENTED_EDGE ( 'NONE', *, *, #1058, .T. ) ;
#20 = CARTESIAN_POINT ( 'NONE',  ( 2.299999999999999822, 2.816687638038912056E-16, 1.800000000000000044 ) ) ;
#21 = EDGE_CURVE ( 'NONE', #2023, #1318, #117, .T. ) ;
#22 = EDGE_LOOP ( 'NONE', ( #1538, #1636, #846 ) ) ;
#23 = PRESENTATION_LAYER_ASSIGNMENT (  '', '', ( #613 ) ) ;
#24 =( LENGTH_UNIT ( ) NAMED_UNIT ( * ) SI_UNIT ( .MILLI., .METRE. ) );
#25 = ORIENTED_EDGE ( 'NONE', *, *, #1805, .T. ) ;
#26 = FACE_OUTER_BOUND ( 'NONE', #1620, .T. ) ;
#27 = CIRCLE ( 'NONE', #691, 2.899999999999999911 ) ;
#28 = TOROIDAL_SURFACE ( 'NONE', #873, 2.849999999999999645, 0.05000000000000000278 ) ;
#29 = LINE ( 'NONE', #1547, #2082 ) ;
#30 = CONTEXT_DEPENDENT_SHAPE_REPRESENTATION ( #1457, #875 ) ;
#31 = VERTEX_POINT ( 'NONE', #1342 ) ;
#32 = CARTESIAN_POINT ( 'NONE',  ( 0.4000000000000030198, 3.349999999999999645, 0.000000000000000000 ) ) ;
#33 = VERTEX_POINT ( 'NONE', #991 ) ;
#34 = AXIS2_PLACEMENT_3D ( 'NONE', #1192, #1883, #1017 ) ;
#35 = ORIENTED_EDGE ( 'NONE', *, *, #1943, .F. ) ;
#36 = SURFACE_SIDE_STYLE ('',( #418 ) ) ;
#37 = CARTESIAN_POINT ( 'NONE',  ( -1.499999999999996891, 3.349999999999999645, 0.001000000000000000021 ) ) ;
#38 = ORIENTED_EDGE ( 'NONE', *, *, #1517, .T. ) ;
#39 = EDGE_CURVE ( 'NONE', #89, #1819, #1506, .T. ) ;
#40 = DIRECTION ( 'NONE',  ( 0.000000000000000000, 0.000000000000000000, -1.000000000000000000 ) ) ;
#41 = CARTESIAN_POINT ( 'NONE',  ( 0.000000000000000000, 0.000000000000000000, 0.7990000000000000435 ) ) ;
#42 = ORIENTED_EDGE ( 'NONE', *, *, #1119, .F. ) ;
#43 = CARTESIAN_POINT ( 'NONE',  ( -0.3999999999999978018, -1.850000000000000089, 0.001000000000000000021 ) ) ;
#44 = ORIENTED_EDGE ( 'NONE', *, *, #1817, .F. ) ;
#45 =( GEOMETRIC_REPRESENTATION_CONTEXT ( 3 ) GLOBAL_UNCERTAINTY_ASSIGNED_CONTEXT ( ( #1139 ) ) GLOBAL_UNIT_ASSIGNED_CONTEXT ( ( #1176, #296, #1643 ) ) REPRESENTATION_CONTEXT ( 'NONE', 'WORKASPACE' ) );
#46 = SURFACE_STYLE_FILL_AREA ( #1137 ) ;
#47 = PRODUCT_DEFINITION_CONTEXT ( 'detailed design', #663, 'design' ) ;
#48 = VECTOR ( 'NONE', #633, 1000.000000000000000 ) ;
#49 = SURFACE_SIDE_STYLE ('',( #256 ) ) ;
#50 = VECTOR ( 'NONE', #2015, 1000.000000000000000 ) ;
#51 = FACE_OUTER_BOUND ( 'NONE', #1177, .T. ) ;
#52 = LINE ( 'NONE', #65, #406 ) ;
#53 = CARTESIAN_POINT ( 'NONE',  ( -1.499999999999997780, -3.350000000000000089, 0.001000000000000000021 ) ) ;
#54 = ORIENTED_EDGE ( 'NONE', *, *, #1436, .F. ) ;
#55 = LINE ( 'NONE', #756, #1760 ) ;
#56 = ORIENTED_EDGE ( 'NONE', *, *, #1539, .T. ) ;
#57 = AXIS2_PLACEMENT_3D ( 'NONE', #1662, #604, #1114 ) ;
#58 = FACE_OUTER_BOUND ( 'NONE', #905, .T. ) ;
#59 = PRODUCT_RELATED_PRODUCT_CATEGORY ( 'part', '', ( #344 ) ) ;
#60 = VECTOR ( 'NONE', #2104, 1000.000000000000000 ) ;
#61 = FACE_OUTER_BOUND ( 'NONE', #12, .T. ) ;
#62 = SURFACE_SIDE_STYLE ('',( #1945 ) ) ;
#63 =( NAMED_UNIT ( * ) PLANE_ANGLE_UNIT ( ) SI_UNIT ( $, .RADIAN. ) );
#64 = MECHANICAL_DESIGN_GEOMETRIC_PRESENTATION_REPRESENTATION (  '', ( #248 ), #1826 ) ;
#65 = CARTESIAN_POINT ( 'NONE',  ( 1.500000000000002220, -3.350000000000000089, -0.000000000000000000 ) ) ;
#66 = CARTESIAN_POINT ( 'NONE',  ( 0.4000000000000030198, 3.349999999999999645, 0.001000000000000000021 ) ) ;
#67 = EDGE_LOOP ( 'NONE', ( #38, #1120, #1264, #2146 ) ) ;
#68 = FILL_AREA_STYLE ('',( #963 ) ) ;
#69 = ORIENTED_EDGE ( 'NONE', *, *, #90, .F. ) ;
#70 = EDGE_CURVE ( 'NONE', #961, #1948, #2165, .T. ) ;
#71 = UNCERTAINTY_MEASURE_WITH_UNIT (LENGTH_MEASURE( 1.000000000000000082E-05 ), #1289, 'distance_accuracy_value', 'NONE');
#72 = CYLINDRICAL_SURFACE ( 'NONE', #388, 2.899999999999999911 ) ;
#73 =( NAMED_UNIT ( * ) SI_UNIT ( $, .STERADIAN. ) SOLID_ANGLE_UNIT ( ) );
#74 = VECTOR ( 'NONE', #1093, 1000.000000000000000 ) ;
#75 = CARTESIAN_POINT ( 'NONE',  ( 0.000000000000000000, 0.000000000000000000, 0.05000000000000012768 ) ) ;
#76 = STYLED_ITEM ( 'NONE', ( #1958 ), #844 ) ;
#77 = DIRECTION ( 'NONE',  ( 1.000000000000000000, -0.000000000000000000, -0.000000000000000000 ) ) ;
#78 = VERTEX_POINT ( 'NONE', #109 ) ;
#79 = ADVANCED_FACE ( 'NONE', ( #1652 ), #827, .F. ) ;
#80 = PLANE ( 'NONE',  #865 ) ;
#81 = DIRECTION ( 'NONE',  ( 0.000000000000000000, 0.000000000000000000, -1.000000000000000000 ) ) ;
#82 = ORIENTED_EDGE ( 'NONE', *, *, #1243, .T. ) ;
#83 = FACE_OUTER_BOUND ( 'NONE', #1181, .T. ) ;
#84 = LINE ( 'NONE', #1791, #2046 ) ;
#85 = DIRECTION ( 'NONE',  ( 1.000000000000000000, 0.000000000000000000, 0.000000000000000000 ) ) ;
#86 = VECTOR ( 'NONE', #1802, 1000.000000000000000 ) ;
#87 = DIRECTION ( 'NONE',  ( 0.000000000000000000, 0.000000000000000000, 1.000000000000000000 ) ) ;
#88 = DIRECTION ( 'NONE',  ( -1.000000000000000000, -1.275531967630005245E-16, 0.000000000000000000 ) ) ;
#89 = VERTEX_POINT ( 'NONE', #1860 ) ;
#90 = EDGE_CURVE ( 'NONE', #134, #116, #2153, .T. ) ;
#91 =( NAMED_UNIT ( * ) SI_UNIT ( $, .STERADIAN. ) SOLID_ANGLE_UNIT ( ) );
#92 = FILL_AREA_STYLE_COLOUR ( '', #1341 ) ;
#93 = VERTEX_POINT ( 'NONE', #595 ) ;
#94 = DIRECTION ( 'NONE',  ( -0.000000000000000000, -0.000000000000000000, 1.000000000000000000 ) ) ;
#95 = VECTOR ( 'NONE', #382, 1000.000000000000000 ) ;
#96 = UNCERTAINTY_MEASURE_WITH_UNIT (LENGTH_MEASURE( 1.000000000000000082E-05 ), #1497, 'distance_accuracy_value', 'NONE');
#97 = SURFACE_STYLE_FILL_AREA ( #972 ) ;
#98 = VECTOR ( 'NONE', #1031, 1000.000000000000000 ) ;
#99 = LINE ( 'NONE', #1347, #481 ) ;
#100 = SURFACE_STYLE_USAGE ( .BOTH. , #466 ) ;
#101 = VECTOR ( 'NONE', #2123, 1000.000000000000000 ) ;
#102 = VECTOR ( 'NONE', #818, 1000.000000000000000 ) ;
#103 = ORIENTED_EDGE ( 'NONE', *, *, #738, .F. ) ;
#104 = DIRECTION ( 'NONE',  ( 0.000000000000000000, 0.000000000000000000, 1.000000000000000000 ) ) ;
#105 = LINE ( 'NONE', #791, #50 ) ;
#106 = LINE ( 'NONE', #815, #897 ) ;
#107 = EDGE_LOOP ( 'NONE', ( #1798, #2129, #1511, #746 ) ) ;
#108 = FILL_AREA_STYLE ('',( #1487 ) ) ;
#109 = CARTESIAN_POINT ( 'NONE',  ( 1.680000000000001048, 1.280000000000000249, 0.01000000000000000021 ) ) ;
#110 =( NAMED_UNIT ( * ) SI_UNIT ( $, .STERADIAN. ) SOLID_ANGLE_UNIT ( ) );
#111 =( NAMED_UNIT ( * ) PLANE_ANGLE_UNIT ( ) SI_UNIT ( $, .RADIAN. ) );
#112 = ORIENTED_EDGE ( 'NONE', *, *, #2229, .F. ) ;
#113 = CIRCLE ( 'NONE', #1835, 0.2000000000000000944 ) ;
#114 =( LENGTH_UNIT ( ) NAMED_UNIT ( * ) SI_UNIT ( .MILLI., .METRE. ) );
#115 = LINE ( 'NONE', #1715, #533 ) ;
#116 = VERTEX_POINT ( 'NONE', #576 ) ;
#117 = LINE ( 'NONE', #1640, #1098 ) ;
#118 = UNCERTAINTY_MEASURE_WITH_UNIT (LENGTH_MEASURE( 1.000000000000000082E-05 ), #590, 'distance_accuracy_value', 'NONE');
#119 = EDGE_CURVE ( 'NONE', #850, #1091, #1292, .T. ) ;
#120 = DIRECTION ( 'NONE',  ( 1.000000000000000000, 0.000000000000000000, 0.000000000000000000 ) ) ;
#121 = FILL_AREA_STYLE_COLOUR ( '', #996 ) ;
#122 = FILL_AREA_STYLE_COLOUR ( '', #1776 ) ;
#123 = CARTESIAN_POINT ( 'NONE',  ( -2.299999999999996714, 3.349999999999999645, 0.001000000000000000021 ) ) ;
#124 = CIRCLE ( 'NONE', #1231, 0.05000000000000012768 ) ;
#125 = SURFACE_STYLE_FILL_AREA ( #814 ) ;
#126 = LINE ( 'NONE', #805, #48 ) ;
#127 = CIRCLE ( 'NONE', #454, 0.05000000000000000278 ) ;
#128 = ORIENTED_EDGE ( 'NONE', *, *, #1029, .T. ) ;
#129 = SURFACE_STYLE_USAGE ( .BOTH. , #1880 ) ;
#130 = DIRECTION ( 'NONE',  ( 0.000000000000000000, 0.000000000000000000, 1.000000000000000000 ) ) ;
#131 = FACE_OUTER_BOUND ( 'NONE', #448, .T. ) ;
#132 = VECTOR ( 'NONE', #1088, 1000.000000000000000 ) ;
#133 = CARTESIAN_POINT ( 'NONE',  ( 2.300000000000002043, -3.350000000000000089, 0.001000000000000000021 ) ) ;
#134 = VERTEX_POINT ( 'NONE', #1280 ) ;
#135 = VECTOR ( 'NONE', #965, 1000.000000000000000 ) ;
#136 = PRESENTATION_STYLE_ASSIGNMENT (( #1316 ) ) ;
#137 = CARTESIAN_POINT ( 'NONE',  ( 2.849999999999999645, 0.000000000000000000, 2.250000000000000000 ) ) ;
#138 = EDGE_LOOP ( 'NONE', ( #1599, #209, #1253, #254 ) ) ;
#139 = CARTESIAN_POINT ( 'NONE',  ( -3.099999999999999645, 3.399999999999999911, 0.8000000000000000444 ) ) ;
#140 = ADVANCED_FACE ( 'NONE', ( #949 ), #1858, .T. ) ;
#141 = PLANE ( 'NONE',  #800 ) ;
#142 = CARTESIAN_POINT ( 'NONE',  ( -1.499999999999997335, 1.850000000000000089, 0.001000000000000000021 ) ) ;
#143 = VERTEX_POINT ( 'NONE', #936 ) ;
#144 = PLANE ( 'NONE',  #2285 ) ;
#145 = PLANE ( 'NONE',  #680 ) ;
#146 = LINE ( 'NONE', #336, #603 ) ;
#147 = ORIENTED_EDGE ( 'NONE', *, *, #503, .F. ) ;
#148 = AXIS2_PLACEMENT_3D ( 'NONE', #879, #867, #1573 ) ;
#149 = ADVANCED_FACE ( 'NONE', ( #398 ), #28, .T. ) ;
#150 = DIRECTION ( 'NONE',  ( 0.000000000000000000, 0.000000000000000000, -1.000000000000000000 ) ) ;
#151 = PLANE ( 'NONE',  #1057 ) ;
#152 = CARTESIAN_POINT ( 'NONE',  ( -3.099999999999999645, 3.399999999999999911, 0.000000000000000000 ) ) ;
#153 =( NAMED_UNIT ( * ) PLANE_ANGLE_UNIT ( ) SI_UNIT ( $, .RADIAN. ) );
#154 = EDGE_CURVE ( 'NONE', #916, #1328, #294, .T. ) ;
#155 = DIRECTION ( 'NONE',  ( 0.000000000000000000, 0.000000000000000000, -1.000000000000000000 ) ) ;
#156 = PRESENTATION_STYLE_ASSIGNMENT (( #700 ) ) ;
#157 = EDGE_LOOP ( 'NONE', ( #998, #35, #2048, #1633 ) ) ;
#158 = STYLED_ITEM ( 'NONE', ( #983 ), #2169 ) ;
#159 =( LENGTH_UNIT ( ) NAMED_UNIT ( * ) SI_UNIT ( .MILLI., .METRE. ) );
#160 = DIRECTION ( 'NONE',  ( -0.000000000000000000, -0.000000000000000000, -1.000000000000000000 ) ) ;
#161 = ORIENTED_EDGE ( 'NONE', *, *, #1371, .T. ) ;
#162 = EDGE_CURVE ( 'NONE', #1819, #31, #1748, .T. ) ;
#163 = MECHANICAL_DESIGN_GEOMETRIC_PRESENTATION_REPRESENTATION (  '', ( #714 ), #1126 ) ;
#164 = FACE_OUTER_BOUND ( 'NONE', #966, .T. ) ;
#165 = STYLED_ITEM ( 'NONE', ( #1108 ), #2160 ) ;
#166 = CARTESIAN_POINT ( 'NONE',  ( -1.499999999999997780, -3.350000000000000089, 0.000000000000000000 ) ) ;
#167 = ADVANCED_BREP_SHAPE_REPRESENTATION ( '', ( #687, #364 ), #1102 ) ;
#168 = DIRECTION ( 'NONE',  ( 1.000000000000000000, 0.000000000000000000, 0.000000000000000000 ) ) ;
#169 = SURFACE_STYLE_FILL_AREA ( #854 ) ;
#170 = CARTESIAN_POINT ( 'NONE',  ( -2.299999999999996714, 3.349999999999999645, 0.000000000000000000 ) ) ;
#171 = EDGE_LOOP ( 'NONE', ( #1590, #147, #10, #2103 ) ) ;
#172 = ADVANCED_FACE ( 'NONE', ( #341 ), #151, .F. ) ;
#173 = CARTESIAN_POINT ( 'NONE',  ( 0.000000000000000000, 0.000000000000000000, 1.800000000000000044 ) ) ;
#174 =( NAMED_UNIT ( * ) PLANE_ANGLE_UNIT ( ) SI_UNIT ( $, .RADIAN. ) );
#175 = VECTOR ( 'NONE', #2214, 1000.000000000000000 ) ;
#176 = VERTEX_POINT ( 'NONE', #1905 ) ;
#177 =( LENGTH_UNIT ( ) NAMED_UNIT ( * ) SI_UNIT ( .MILLI., .METRE. ) );
#178 = VECTOR ( 'NONE', #863, 1000.000000000000000 ) ;
#179 =( GEOMETRIC_REPRESENTATION_CONTEXT ( 3 ) GLOBAL_UNCERTAINTY_ASSIGNED_CONTEXT ( ( #96 ) ) GLOBAL_UNIT_ASSIGNED_CONTEXT ( ( #1497, #305, #1697 ) ) REPRESENTATION_CONTEXT ( 'NONE', 'WORKASPACE' ) );
#180 = CARTESIAN_POINT ( 'NONE',  ( 1.500000000000002220, -3.350000000000000089, 0.001000000000000000021 ) ) ;
#181 = PRESENTATION_STYLE_ASSIGNMENT (( #1357 ) ) ;
#182 = EDGE_CURVE ( 'NONE', #1023, #1757, #1553, .T. ) ;
#183 =( NAMED_UNIT ( * ) SI_UNIT ( $, .STERADIAN. ) SOLID_ANGLE_UNIT ( ) );
#184 = DIRECTION ( 'NONE',  ( 0.000000000000000000, 0.000000000000000000, 1.000000000000000000 ) ) ;
#185 = ORIENTED_EDGE ( 'NONE', *, *, #529, .T. ) ;
#186 = LINE ( 'NONE', #1396, #1708 ) ;
#187 = DIRECTION ( 'NONE',  ( 1.000000000000000000, 0.000000000000000000, 0.000000000000000000 ) ) ;
#188 = VERTEX_POINT ( 'NONE', #2092 ) ;
#189 = CARTESIAN_POINT ( 'NONE',  ( 2.849999999999999645, 0.000000000000000000, 2.299999999999999822 ) ) ;
#190 = VERTEX_POINT ( 'NONE', #1366 ) ;
#191 = AXIS2_PLACEMENT_3D ( 'NONE', #732, #1608, #1464 ) ;
#192 = CARTESIAN_POINT ( 'NONE',  ( 3.000000000000001776, 2.189999999999999947, 0.7990000000000000435 ) ) ;
#193 = PRODUCT_RELATED_PRODUCT_CATEGORY ( 'part', '', ( #1261 ) ) ;
#194 = DIRECTION ( 'NONE',  ( 0.000000000000000000, 0.000000000000000000, 1.000000000000000000 ) ) ;
#195 = ORIENTED_EDGE ( 'NONE', *, *, #444, .T. ) ;
#196 = DIRECTION ( 'NONE',  ( 0.000000000000000000, 0.000000000000000000, -1.000000000000000000 ) ) ;
#197 = VERTEX_POINT ( 'NONE', #489 ) ;
#198 = CARTESIAN_POINT ( 'NONE',  ( 2.300000000000002487, 1.850000000000000089, 0.000000000000000000 ) ) ;
#199 = ORIENTED_EDGE ( 'NONE', *, *, #962, .T. ) ;
#200 = STYLED_ITEM ( 'NONE', ( #1073 ), #1416 ) ;
#201 = VECTOR ( 'NONE', #1255, 1000.000000000000000 ) ;
#202 = EDGE_CURVE ( 'NONE', #1951, #78, #653, .T. ) ;
#203 = SHAPE_REPRESENTATION ( '6862I PCB\X2\677f\X0\', ( #364 ), #1650 ) ;
#204 =( NAMED_UNIT ( * ) PLANE_ANGLE_UNIT ( ) SI_UNIT ( $, .RADIAN. ) );
#205 = ORIENTED_EDGE ( 'NONE', *, *, #574, .F. ) ;
#206 = ORIENTED_EDGE ( 'NONE', *, *, #480, .T. ) ;
#207 = EDGE_CURVE ( 'NONE', #1086, #1852, #1690, .T. ) ;
#208 =( NAMED_UNIT ( * ) SI_UNIT ( $, .STERADIAN. ) SOLID_ANGLE_UNIT ( ) );
#209 = ORIENTED_EDGE ( 'NONE', *, *, #154, .F. ) ;
#210 = DIRECTION ( 'NONE',  ( 0.000000000000000000, 0.000000000000000000, 1.000000000000000000 ) ) ;
#211 = VECTOR ( 'NONE', #501, 1000.000000000000000 ) ;
#212 = EDGE_CURVE ( 'NONE', #634, #1220, #127, .T. ) ;
#213 = UNCERTAINTY_MEASURE_WITH_UNIT (LENGTH_MEASURE( 1.000000000000000082E-05 ), #1542, 'distance_accuracy_value', 'NONE');
#214 = CYLINDRICAL_SURFACE ( 'NONE', #57, 2.500000000000000000 ) ;
#215 = PLANE ( 'NONE',  #2067 ) ;
#216 = SHAPE_DEFINITION_REPRESENTATION ( #1799, #537 ) ;
#217 = ORIENTED_EDGE ( 'NONE', *, *, #2229, .T. ) ;
#218 = LINE ( 'NONE', #1472, #1694 ) ;
#219 = PLANE ( 'NONE',  #1998 ) ;
#220 = EDGE_LOOP ( 'NONE', ( #2072, #1400, #426, #2247 ) ) ;
#221 = CARTESIAN_POINT ( 'NONE',  ( 1.780000000000001359, 3.299999999999999822, 0.8000000000000000444 ) ) ;
#222 = ORIENTED_EDGE ( 'NONE', *, *, #797, .T. ) ;
#223 = EDGE_CURVE ( 'NONE', #301, #2075, #105, .T. ) ;
#224 = CARTESIAN_POINT ( 'NONE',  ( -3.099999999999999645, 3.399999999999999911, 0.8000000000000000444 ) ) ;
#225 = VECTOR ( 'NONE', #1117, 1000.000000000000000 ) ;
#226 = CARTESIAN_POINT ( 'NONE',  ( 1.780000000000001359, 3.299999999999999822, 0.8000000000000000444 ) ) ;
#227 = CARTESIAN_POINT ( 'NONE',  ( 1.500000000000003109, 3.349999999999999645, 0.001000000000000000021 ) ) ;
#228 = APPLICATION_PROTOCOL_DEFINITION ( 'draft international standard', 'automotive_design', 1998, #1995 ) ;
#229 = LINE ( 'NONE', #1629, #2093 ) ;
#230 = DIRECTION ( 'NONE',  ( -1.000000000000000000, 0.000000000000000000, 0.000000000000000000 ) ) ;
#231 = DIRECTION ( 'NONE',  ( 0.7396656755072640310, -0.6729745080434940130, 0.000000000000000000 ) ) ;
#232 = EDGE_LOOP ( 'NONE', ( #500, #206, #596, #1109 ) ) ;
#233 = EDGE_CURVE ( 'NONE', #1991, #89, #644, .T. ) ;
#234 = COLOUR_RGB ( '',1.000000000000000000, 1.000000000000000000, 0.000000000000000000 ) ;
#235 = UNCERTAINTY_MEASURE_WITH_UNIT (LENGTH_MEASURE( 1.000000000000000082E-05 ), #1462, 'distance_accuracy_value', 'NONE');
#236 = AXIS2_PLACEMENT_3D ( 'NONE', #1808, #1094, #1950 ) ;
#237 = FACE_OUTER_BOUND ( 'NONE', #67, .T. ) ;
#238 = DIRECTION ( 'NONE',  ( 1.000000000000000000, 0.000000000000000000, 0.000000000000000000 ) ) ;
#239 = DIRECTION ( 'NONE',  ( -1.000000000000000000, 0.000000000000000000, 0.000000000000000000 ) ) ;
#240 = CARTESIAN_POINT ( 'NONE',  ( -2.299999999999997602, -3.350000000000000089, 0.000000000000000000 ) ) ;
#241 = ORIENTED_EDGE ( 'NONE', *, *, #212, .F. ) ;
#242 = EDGE_CURVE ( 'NONE', #1757, #712, #115, .T. ) ;
#243 = LINE ( 'NONE', #939, #427 ) ;
#244 = SURFACE_STYLE_USAGE ( .BOTH. , #1121 ) ;
#245 = ORIENTED_EDGE ( 'NONE', *, *, #1653, .T. ) ;
#246 = LINE ( 'NONE', #1649, #350 ) ;
#247 = AXIS2_PLACEMENT_3D ( 'NONE', #1980, #928, #749 ) ;
#248 = STYLED_ITEM ( 'NONE', ( #316 ), #172 ) ;
#249 = CARTESIAN_POINT ( 'NONE',  ( -1.499999999999997780, -1.850000000000000089, 0.000000000000000000 ) ) ;
#250 = CIRCLE ( 'NONE', #2054, 2.500000000000000000 ) ;
#251 = DIRECTION ( 'NONE',  ( 0.000000000000000000, 0.000000000000000000, 1.000000000000000000 ) ) ;
#252 = CARTESIAN_POINT ( 'NONE',  ( 3.100000000000000533, 3.399999999999999911, 0.8000000000000000444 ) ) ;
#253 = SURFACE_STYLE_FILL_AREA ( #68 ) ;
#254 = ORIENTED_EDGE ( 'NONE', *, *, #628, .T. ) ;
#255 = ADVANCED_FACE ( 'NONE', ( #1855 ), #2221, .F. ) ;
#256 = SURFACE_STYLE_FILL_AREA ( #1625 ) ;
#257 = DIRECTION ( 'NONE',  ( 1.000000000000000000, 0.000000000000000000, 0.000000000000000000 ) ) ;
#258 = VECTOR ( 'NONE', #507, 1000.000000000000000 ) ;
#259 = ADVANCED_FACE ( 'NONE', ( #291 ), #1146, .F. ) ;
#260 =( GEOMETRIC_REPRESENTATION_CONTEXT ( 3 ) GLOBAL_UNCERTAINTY_ASSIGNED_CONTEXT ( ( #1862 ) ) GLOBAL_UNIT_ASSIGNED_CONTEXT ( ( #270, #1163, #637 ) ) REPRESENTATION_CONTEXT ( 'NONE', 'WORKASPACE' ) );
#261 = PRESENTATION_STYLE_ASSIGNMENT (( #2228 ) ) ;
#262 = EDGE_LOOP ( 'NONE', ( #1810, #307, #1465, #1420 ) ) ;
#263 =( NAMED_UNIT ( * ) SI_UNIT ( $, .STERADIAN. ) SOLID_ANGLE_UNIT ( ) );
#264 = LINE ( 'NONE', #987, #2040 ) ;
#265 = PLANE ( 'NONE',  #970 ) ;
#266 = ORIENTED_EDGE ( 'NONE', *, *, #1065, .F. ) ;
#267 = LINE ( 'NONE', #1149, #1412 ) ;
#268 = AXIS2_PLACEMENT_3D ( 'NONE', #252, #88, #788 ) ;
#269 = EDGE_CURVE ( 'NONE', #2144, #1856, #1350, .T. ) ;
#270 =( LENGTH_UNIT ( ) NAMED_UNIT ( * ) SI_UNIT ( .MILLI., .METRE. ) );
#271 = PRESENTATION_LAYER_ASSIGNMENT (  '', '', ( #1881 ) ) ;
#272 =( NAMED_UNIT ( * ) SI_UNIT ( $, .STERADIAN. ) SOLID_ANGLE_UNIT ( ) );
#273 = SURFACE_STYLE_FILL_AREA ( #1997 ) ;
#274 = COLOUR_RGB ( '',1.000000000000000000, 0.9333333333333333481, 0.1843137254901960898 ) ;
#275 = EDGE_LOOP ( 'NONE', ( #103, #1940 ) ) ;
#276 = DIRECTION ( 'NONE',  ( -0.000000000000000000, -0.000000000000000000, -1.000000000000000000 ) ) ;
#277 = DIRECTION ( 'NONE',  ( -2.891205793294679312E-16, -1.000000000000000000, 0.000000000000000000 ) ) ;
#278 = ORIENTED_EDGE ( 'NONE', *, *, #786, .F. ) ;
#279 = DIRECTION ( 'NONE',  ( 1.000000000000000000, -0.000000000000000000, -0.000000000000000000 ) ) ;
#280 = COLOUR_RGB ( '',1.000000000000000000, 1.000000000000000000, 0.000000000000000000 ) ;
#281 = UNCERTAINTY_MEASURE_WITH_UNIT (LENGTH_MEASURE( 1.000000000000000082E-05 ), #1532, 'distance_accuracy_value', 'NONE');
#282 = PLANE ( 'NONE',  #2167 ) ;
#283 = FILL_AREA_STYLE_COLOUR ( '', #2086 ) ;
#284 = EDGE_CURVE ( 'NONE', #33, #1772, #264, .T. ) ;
#285 = CARTESIAN_POINT ( 'NONE',  ( -0.3999999999999969136, 3.349999999999999645, 0.001000000000000000021 ) ) ;
#286 = LINE ( 'NONE', #1333, #2264 ) ;
#287 = STYLED_ITEM ( 'NONE', ( #1012 ), #1182 ) ;
#288 = STYLED_ITEM ( 'NONE', ( #2238 ), #79 ) ;
#289 = ORIENTED_EDGE ( 'NONE', *, *, #574, .T. ) ;
#290 = DIRECTION ( 'NONE',  ( 0.000000000000000000, 0.000000000000000000, 1.000000000000000000 ) ) ;
#291 = FACE_OUTER_BOUND ( 'NONE', #690, .T. ) ;
#292 = DIRECTION ( 'NONE',  ( -1.000000000000000000, 0.000000000000000000, 0.000000000000000000 ) ) ;
#293 = ORIENTED_EDGE ( 'NONE', *, *, #514, .T. ) ;
#294 = LINE ( 'NONE', #1043, #178 ) ;
#295 = SURFACE_STYLE_USAGE ( .BOTH. , #1152 ) ;
#296 =( NAMED_UNIT ( * ) PLANE_ANGLE_UNIT ( ) SI_UNIT ( $, .RADIAN. ) );
#297 = VECTOR ( 'NONE', #1977, 1000.000000000000000 ) ;
#298 = PRESENTATION_STYLE_ASSIGNMENT (( #2083 ) ) ;
#299 = DIRECTION ( 'NONE',  ( -0.000000000000000000, -0.000000000000000000, 1.000000000000000000 ) ) ;
#300 = DIRECTION ( 'NONE',  ( -0.000000000000000000, 0.000000000000000000, 1.000000000000000000 ) ) ;
#301 = VERTEX_POINT ( 'NONE', #622 ) ;
#302 = PLANE ( 'NONE',  #1020 ) ;
#303 = EDGE_CURVE ( 'NONE', #566, #1953, #459, .T. ) ;
#304 = DIRECTION ( 'NONE',  ( 1.000000000000000000, -0.000000000000000000, -0.000000000000000000 ) ) ;
#305 =( NAMED_UNIT ( * ) PLANE_ANGLE_UNIT ( ) SI_UNIT ( $, .RADIAN. ) );
#306 = FILL_AREA_STYLE_COLOUR ( '', #1853 ) ;
#307 = ORIENTED_EDGE ( 'NONE', *, *, #1004, .T. ) ;
#308 = FILL_AREA_STYLE_COLOUR ( '', #280 ) ;
#309 = PRESENTATION_LAYER_ASSIGNMENT (  '', '', ( #165 ) ) ;
#310 = FILL_AREA_STYLE_COLOUR ( '', #1415 ) ;
#311 = CARTESIAN_POINT ( 'NONE',  ( 1.500000000000002665, 1.850000000000000533, 0.000000000000000000 ) ) ;
#312 = AXIS2_PLACEMENT_3D ( 'NONE', #173, #1025, #1936 ) ;
#313 = EDGE_LOOP ( 'NONE', ( #1666, #1374, #1313, #1069 ) ) ;
#314 = EDGE_CURVE ( 'NONE', #1056, #1856, #964, .T. ) ;
#315 = PLANE ( 'NONE',  #1528 ) ;
#316 = PRESENTATION_STYLE_ASSIGNMENT (( #1896 ) ) ;
#317 = FACE_OUTER_BOUND ( 'NONE', #487, .T. ) ;
#318 =( NAMED_UNIT ( * ) SI_UNIT ( $, .STERADIAN. ) SOLID_ANGLE_UNIT ( ) );
#319 = PRESENTATION_LAYER_ASSIGNMENT (  '', '', ( #1717 ) ) ;
#320 = FACE_OUTER_BOUND ( 'NONE', #1131, .T. ) ;
#321 = ADVANCED_FACE ( 'NONE', ( #1179 ), #1868, .T. ) ;
#322 = CARTESIAN_POINT ( 'NONE',  ( 3.000000000000001332, 3.299999999999999822, 0.7990000000000000435 ) ) ;
#323 = VECTOR ( 'NONE', #645, 1000.000000000000000 ) ;
#324 = SURFACE_STYLE_FILL_AREA ( #1598 ) ;
#325 = CARTESIAN_POINT ( 'NONE',  ( -0.3999999999999978018, -1.850000000000000089, -0.000000000000000000 ) ) ;
#326 = VERTEX_POINT ( 'NONE', #1221 ) ;
#327 = CARTESIAN_POINT ( 'NONE',  ( 0.4000000000000025757, 1.850000000000000089, 0.000000000000000000 ) ) ;
#328 =( NAMED_UNIT ( * ) PLANE_ANGLE_UNIT ( ) SI_UNIT ( $, .RADIAN. ) );
#329 = FACE_OUTER_BOUND ( 'NONE', #413, .T. ) ;
#330 = CARTESIAN_POINT ( 'NONE',  ( 2.300000000000002931, 3.349999999999999645, 0.001000000000000000021 ) ) ;
#331 =( NAMED_UNIT ( * ) SI_UNIT ( $, .STERADIAN. ) SOLID_ANGLE_UNIT ( ) );
#332 = EDGE_CURVE ( 'NONE', #712, #2144, #186, .T. ) ;
#333 = VERTEX_POINT ( 'NONE', #1067 ) ;
#334 = DIRECTION ( 'NONE',  ( -0.000000000000000000, -0.000000000000000000, -1.000000000000000000 ) ) ;
#335 =( NAMED_UNIT ( * ) SI_UNIT ( $, .STERADIAN. ) SOLID_ANGLE_UNIT ( ) );
#336 = CARTESIAN_POINT ( 'NONE',  ( 0.4000000000000021316, -3.350000000000000089, -0.000000000000000000 ) ) ;
#337 = VERTEX_POINT ( 'NONE', #870 ) ;
#338 = AXIS2_PLACEMENT_3D ( 'NONE', #1986, #1143, #2035 ) ;
#339 = CARTESIAN_POINT ( 'NONE',  ( -0.3999999999999969136, 3.349999999999999645, 0.000000000000000000 ) ) ;
#340 =( GEOMETRIC_REPRESENTATION_CONTEXT ( 3 ) GLOBAL_UNCERTAINTY_ASSIGNED_CONTEXT ( ( #1983 ) ) GLOBAL_UNIT_ASSIGNED_CONTEXT ( ( #1077, #935, #1089 ) ) REPRESENTATION_CONTEXT ( 'NONE', 'WORKASPACE' ) );
#341 = FACE_OUTER_BOUND ( 'NONE', #220, .T. ) ;
#342 = DIRECTION ( 'NONE',  ( -1.000000000000000000, 0.000000000000000000, 0.000000000000000000 ) ) ;
#343 = CARTESIAN_POINT ( 'NONE',  ( 2.299999999999999822, 2.816687638038912056E-16, 2.299999999999999822 ) ) ;
#344 = PRODUCT ( '6862I\X2\94a25708\X0\', '6862I\X2\94a25708\X0\', '', ( #355 ) ) ;
#345 =( LENGTH_UNIT ( ) NAMED_UNIT ( * ) SI_UNIT ( .MILLI., .METRE. ) );
#346 = ORIENTED_EDGE ( 'NONE', *, *, #207, .F. ) ;
#347 = SURFACE_SIDE_STYLE ('',( #1211 ) ) ;
#348 = CARTESIAN_POINT ( 'NONE',  ( 1.500000000000003109, 3.349999999999999645, 0.001000000000000000021 ) ) ;
#349 = ORIENTED_EDGE ( 'NONE', *, *, #162, .T. ) ;
#350 = VECTOR ( 'NONE', #1443, 1000.000000000000000 ) ;
#351 = MECHANICAL_DESIGN_GEOMETRIC_PRESENTATION_REPRESENTATION (  '', ( #1454 ), #453 ) ;
#352 = CIRCLE ( 'NONE', #1307, 2.500000000000000000 ) ;
#353 = CARTESIAN_POINT ( 'NONE',  ( 2.300000000000002487, 1.850000000000000089, 0.001000000000000000021 ) ) ;
#354 = PRESENTATION_STYLE_ASSIGNMENT (( #2080 ) ) ;
#355 = PRODUCT_CONTEXT ( 'NONE', #1299, 'mechanical' ) ;
#356 = VERTEX_POINT ( 'NONE', #1771 ) ;
#357 = MECHANICAL_DESIGN_GEOMETRIC_PRESENTATION_REPRESENTATION (  '', ( #1758 ), #828 ) ;
#358 = CARTESIAN_POINT ( 'NONE',  ( 0.000000000000000000, 0.000000000000000000, 0.5000000000000000000 ) ) ;
#359 = ORIENTED_EDGE ( 'NONE', *, *, #660, .T. ) ;
#360 = EDGE_LOOP ( 'NONE', ( #989, #1040 ) ) ;
#361 = PRODUCT_DEFINITION ( 'æœ', '', #2096, #808 ) ;
#362 = COLOUR_RGB ( '',1.000000000000000000, 1.000000000000000000, 0.000000000000000000 ) ;
#363 = DIRECTION ( 'NONE',  ( 1.000000000000000000, 3.907034855803619427E-16, 0.000000000000000000 ) ) ;
#364 = AXIS2_PLACEMENT_3D ( 'NONE', #2071, #194, #1105 ) ;
#365 = VERTEX_POINT ( 'NONE', #1198 ) ;
#366 = LINE ( 'NONE', #1081, #201 ) ;
#367 = ORIENTED_EDGE ( 'NONE', *, *, #303, .T. ) ;
#368 = EDGE_LOOP ( 'NONE', ( #1110, #806, #551, #1925 ) ) ;
#369 =( NAMED_UNIT ( * ) PLANE_ANGLE_UNIT ( ) SI_UNIT ( $, .RADIAN. ) );
#370 = PRODUCT_CONTEXT ( 'NONE', #1995, 'mechanical' ) ;
#371 = ORIENTED_EDGE ( 'NONE', *, *, #2088, .F. ) ;
#372 = CARTESIAN_POINT ( 'NONE',  ( 0.4000000000000025757, 1.850000000000000089, 0.001000000000000000021 ) ) ;
#373 = LINE ( 'NONE', #918, #1486 ) ;
#374 = ORIENTED_EDGE ( 'NONE', *, *, #1501, .F. ) ;
#375 = VECTOR ( 'NONE', #630, 1000.000000000000000 ) ;
#376 = FACE_BOUND ( 'NONE', #1256, .T. ) ;
#377 = ORIENTED_EDGE ( 'NONE', *, *, #1543, .F. ) ;
#378 = EDGE_CURVE ( 'NONE', #1928, #1575, #352, .T. ) ;
#379 = MECHANICAL_DESIGN_GEOMETRIC_PRESENTATION_REPRESENTATION (  '', ( #930 ), #496 ) ;
#380 = SURFACE_SIDE_STYLE ('',( #1955 ) ) ;
#381 =( GEOMETRIC_REPRESENTATION_CONTEXT ( 3 ) GLOBAL_UNCERTAINTY_ASSIGNED_CONTEXT ( ( #118 ) ) GLOBAL_UNIT_ASSIGNED_CONTEXT ( ( #590, #1118, #894 ) ) REPRESENTATION_CONTEXT ( 'NONE', 'WORKASPACE' ) );
#382 = DIRECTION ( 'NONE',  ( -0.000000000000000000, -0.000000000000000000, -1.000000000000000000 ) ) ;
#383 = ORIENTED_EDGE ( 'NONE', *, *, #1886, .F. ) ;
#384 = CARTESIAN_POINT ( 'NONE',  ( 0.4000000000000021316, -1.850000000000000089, 0.001000000000000000021 ) ) ;
#385 = EDGE_CURVE ( 'NONE', #1023, #1045, #1586, .T. ) ;
#386 =( NAMED_UNIT ( * ) PLANE_ANGLE_UNIT ( ) SI_UNIT ( $, .RADIAN. ) );
#387 = ORIENTED_EDGE ( 'NONE', *, *, #1969, .F. ) ;
#388 = AXIS2_PLACEMENT_3D ( 'NONE', #2177, #407, #783 ) ;
#389 =( GEOMETRIC_REPRESENTATION_CONTEXT ( 3 ) GLOBAL_UNCERTAINTY_ASSIGNED_CONTEXT ( ( #213 ) ) GLOBAL_UNIT_ASSIGNED_CONTEXT ( ( #1542, #1898, #318 ) ) REPRESENTATION_CONTEXT ( 'NONE', 'WORKASPACE' ) );
#390 = CARTESIAN_POINT ( 'NONE',  ( 2.300000000000002043, -3.350000000000000089, -0.000000000000000000 ) ) ;
#391 = ORIENTED_EDGE ( 'NONE', *, *, #1612, .T. ) ;
#392 = SURFACE_STYLE_USAGE ( .BOTH. , #380 ) ;
#393 = STYLED_ITEM ( 'NONE', ( #298 ), #1154 ) ;
#394 = AXIS2_PLACEMENT_3D ( 'NONE', #1541, #1005, #1710 ) ;
#395 = UNCERTAINTY_MEASURE_WITH_UNIT (LENGTH_MEASURE( 1.000000000000000082E-05 ), #1593, 'distance_accuracy_value', 'NONE');
#396 = LINE ( 'NONE', #1984, #132 ) ;
#397 = FACE_OUTER_BOUND ( 'NONE', #1922, .T. ) ;
#398 = FACE_OUTER_BOUND ( 'NONE', #262, .T. ) ;
#399 = CARTESIAN_POINT ( 'NONE',  ( 1.500000000000002220, -3.350000000000000089, 0.001000000000000000021 ) ) ;
#400 = ADVANCED_FACE ( 'NONE', ( #2110 ), #2266, .F. ) ;
#401 = FACE_OUTER_BOUND ( 'NONE', #22, .T. ) ;
#402 = VERTEX_POINT ( 'NONE', #1891 ) ;
#403 = DIRECTION ( 'NONE',  ( -0.6729745080434940130, -0.7396656755072640310, 0.000000000000000000 ) ) ;
#404 = ORIENTED_EDGE ( 'NONE', *, *, #385, .T. ) ;
#405 = DIRECTION ( 'NONE',  ( 1.000000000000000000, 1.275531967630005245E-16, -0.000000000000000000 ) ) ;
#406 = VECTOR ( 'NONE', #2142, 1000.000000000000000 ) ;
#407 = DIRECTION ( 'NONE',  ( -0.000000000000000000, -0.000000000000000000, -1.000000000000000000 ) ) ;
#408 = CYLINDRICAL_SURFACE ( 'NONE', #2162, 0.2000000000000000944 ) ;
#409 = DIRECTION ( 'NONE',  ( 0.000000000000000000, 0.000000000000000000, 1.000000000000000000 ) ) ;
#410 = ADVANCED_FACE ( 'NONE', ( #528 ), #145, .F. ) ;
#411 = CARTESIAN_POINT ( 'NONE',  ( 1.880000000000001226, 1.280000000000000249, 0.000000000000000000 ) ) ;
#412 = CARTESIAN_POINT ( 'NONE',  ( -2.500000000000000000, 0.000000000000000000, 0.000000000000000000 ) ) ;
#413 = EDGE_LOOP ( 'NONE', ( #1765, #1230, #1002, #1658 ) ) ;
#414 = FACE_BOUND ( 'NONE', #546, .T. ) ;
#415 = ORIENTED_EDGE ( 'NONE', *, *, #2034, .T. ) ;
#416 = CARTESIAN_POINT ( 'NONE',  ( 0.000000000000000000, 0.000000000000000000, 0.000000000000000000 ) ) ;
#417 = UNCERTAINTY_MEASURE_WITH_UNIT (LENGTH_MEASURE( 1.000000000000000082E-05 ), #1054, 'distance_accuracy_value', 'NONE');
#418 = SURFACE_STYLE_FILL_AREA ( #2203 ) ;
#419 =( GEOMETRIC_REPRESENTATION_CONTEXT ( 3 ) GLOBAL_UNCERTAINTY_ASSIGNED_CONTEXT ( ( #1709 ) ) GLOBAL_UNIT_ASSIGNED_CONTEXT ( ( #882, #1038, #335 ) ) REPRESENTATION_CONTEXT ( 'NONE', 'WORKASPACE' ) );
#420 = DIRECTION ( 'NONE',  ( 0.000000000000000000, -0.000000000000000000, 1.000000000000000000 ) ) ;
#421 = DIRECTION ( 'NONE',  ( -2.891205793294679312E-16, -1.000000000000000000, 0.000000000000000000 ) ) ;
#422 = CARTESIAN_POINT ( 'NONE',  ( 1.880000000000001226, 1.280000000000000249, 0.01000000000000000021 ) ) ;
#423 = ORIENTED_EDGE ( 'NONE', *, *, #962, .F. ) ;
#424 =( NAMED_UNIT ( * ) SI_UNIT ( $, .STERADIAN. ) SOLID_ANGLE_UNIT ( ) );
#425 = DIRECTION ( 'NONE',  ( -0.000000000000000000, -0.000000000000000000, -1.000000000000000000 ) ) ;
#426 = ORIENTED_EDGE ( 'NONE', *, *, #2125, .F. ) ;
#427 = VECTOR ( 'NONE', #790, 1000.000000000000000 ) ;
#428 = PLANE ( 'NONE',  #1340 ) ;
#429 = ADVANCED_FACE ( 'NONE', ( #1548 ), #1911, .F. ) ;
#430 = CIRCLE ( 'NONE', #1096, 0.2000000000000000944 ) ;
#431 = DIRECTION ( 'NONE',  ( -1.000000000000000000, 0.000000000000000000, 0.000000000000000000 ) ) ;
#432 =( NAMED_UNIT ( * ) PLANE_ANGLE_UNIT ( ) SI_UNIT ( $, .RADIAN. ) );
#433 = CARTESIAN_POINT ( 'NONE',  ( 3.000000000000001776, 2.189999999999999947, 0.8000000000000000444 ) ) ;
#434 = ORIENTED_EDGE ( 'NONE', *, *, #1371, .F. ) ;
#435 = DIRECTION ( 'NONE',  ( -1.000000000000000000, 0.000000000000000000, 0.000000000000000000 ) ) ;
#436 =( GEOMETRIC_REPRESENTATION_CONTEXT ( 3 ) GLOBAL_UNCERTAINTY_ASSIGNED_CONTEXT ( ( #2079 ) ) GLOBAL_UNIT_ASSIGNED_CONTEXT ( ( #652, #479, #1559 ) ) REPRESENTATION_CONTEXT ( 'NONE', 'WORKASPACE' ) );
#437 = FACE_OUTER_BOUND ( 'NONE', #171, .T. ) ;
#438 = ORIENTED_EDGE ( 'NONE', *, *, #975, .T. ) ;
#439 = SURFACE_STYLE_FILL_AREA ( #1874 ) ;
#440 = VECTOR ( 'NONE', #8, 1000.000000000000000 ) ;
#441 = LINE ( 'NONE', #997, #1584 ) ;
#442 = VECTOR ( 'NONE', #1627, 1000.000000000000000 ) ;
#443 = DIRECTION ( 'NONE',  ( 0.000000000000000000, 0.000000000000000000, 1.000000000000000000 ) ) ;
#444 = EDGE_CURVE ( 'NONE', #402, #326, #52, .T. ) ;
#445 = ORIENTED_EDGE ( 'NONE', *, *, #242, .T. ) ;
#446 = FILL_AREA_STYLE_COLOUR ( '', #2151 ) ;
#447 = LINE ( 'NONE', #2196, #1962 ) ;
#448 = EDGE_LOOP ( 'NONE', ( #1259, #1655, #921, #1727 ) ) ;
#449 = DIRECTION ( 'NONE',  ( 0.000000000000000000, 1.000000000000000000, 0.000000000000000000 ) ) ;
#450 = EDGE_CURVE ( 'NONE', #2041, #566, #218, .T. ) ;
#451 = FILL_AREA_STYLE_COLOUR ( '', #1358 ) ;
#452 = SURFACE_SIDE_STYLE ('',( #1698 ) ) ;
#453 =( GEOMETRIC_REPRESENTATION_CONTEXT ( 3 ) GLOBAL_UNCERTAINTY_ASSIGNED_CONTEXT ( ( #464 ) ) GLOBAL_UNIT_ASSIGNED_CONTEXT ( ( #1383, #174, #2085 ) ) REPRESENTATION_CONTEXT ( 'NONE', 'WORKASPACE' ) );
#454 = AXIS2_PLACEMENT_3D ( 'NONE', #804, #1013, #1678 ) ;
#455 = CARTESIAN_POINT ( 'NONE',  ( 1.680000000000001048, 1.280000000000000249, 0.000000000000000000 ) ) ;
#456 =( LENGTH_UNIT ( ) NAMED_UNIT ( * ) SI_UNIT ( .MILLI., .METRE. ) );
#457 = VERTEX_POINT ( 'NONE', #753 ) ;
#458 = SURFACE_SIDE_STYLE ('',( #253 ) ) ;
#459 = LINE ( 'NONE', #1512, #1047 ) ;
#460 = ORIENTED_EDGE ( 'NONE', *, *, #1619, .F. ) ;
#461 = DIRECTION ( 'NONE',  ( 1.000000000000000000, 0.000000000000000000, 0.000000000000000000 ) ) ;
#462 =( NAMED_UNIT ( * ) SI_UNIT ( $, .STERADIAN. ) SOLID_ANGLE_UNIT ( ) );
#463 = MECHANICAL_DESIGN_GEOMETRIC_PRESENTATION_REPRESENTATION (  '', ( #287 ), #579 ) ;
#464 = UNCERTAINTY_MEASURE_WITH_UNIT (LENGTH_MEASURE( 1.000000000000000082E-05 ), #1383, 'distance_accuracy_value', 'NONE');
#465 = SURFACE_STYLE_FILL_AREA ( #2045 ) ;
#466 = SURFACE_SIDE_STYLE ('',( #273 ) ) ;
#467 = ORIENTED_EDGE ( 'NONE', *, *, #2283, .F. ) ;
#468 =( GEOMETRIC_REPRESENTATION_CONTEXT ( 3 ) GLOBAL_UNCERTAINTY_ASSIGNED_CONTEXT ( ( #281 ) ) GLOBAL_UNIT_ASSIGNED_CONTEXT ( ( #1532, #994, #110 ) ) REPRESENTATION_CONTEXT ( 'NONE', 'WORKASPACE' ) );
#469 = EDGE_CURVE ( 'NONE', #143, #1675, #2179, .T. ) ;
#470 = SURFACE_STYLE_FILL_AREA ( #1145 ) ;
#471 = DIRECTION ( 'NONE',  ( -2.891205793294680298E-16, -1.000000000000000000, 0.000000000000000000 ) ) ;
#472 = VERTEX_POINT ( 'NONE', #20 ) ;
#473 =( GEOMETRIC_REPRESENTATION_CONTEXT ( 3 ) GLOBAL_UNCERTAINTY_ASSIGNED_CONTEXT ( ( #2176 ) ) GLOBAL_UNIT_ASSIGNED_CONTEXT ( ( #1263, #1615, #1972 ) ) REPRESENTATION_CONTEXT ( 'NONE', 'WORKASPACE' ) );
#474 = SURFACE_STYLE_USAGE ( .BOTH. , #1330 ) ;
#475 = CARTESIAN_POINT ( 'NONE',  ( -2.899999999999999911, 0.000000000000000000, 2.299999999999999822 ) ) ;
#476 = FACE_OUTER_BOUND ( 'NONE', #941, .T. ) ;
#477 =( NAMED_UNIT ( * ) SI_UNIT ( $, .STERADIAN. ) SOLID_ANGLE_UNIT ( ) );
#478 = DIRECTION ( 'NONE',  ( -2.891205793294679312E-16, -1.000000000000000000, 0.000000000000000000 ) ) ;
#479 =( NAMED_UNIT ( * ) PLANE_ANGLE_UNIT ( ) SI_UNIT ( $, .RADIAN. ) );
#480 = EDGE_CURVE ( 'NONE', #1928, #710, #1815, .T. ) ;
#481 = VECTOR ( 'NONE', #2047, 1000.000000000000000 ) ;
#482 = ORIENTED_EDGE ( 'NONE', *, *, #2012, .F. ) ;
#483 =( GEOMETRIC_REPRESENTATION_CONTEXT ( 3 ) GLOBAL_UNCERTAINTY_ASSIGNED_CONTEXT ( ( #395 ) ) GLOBAL_UNIT_ASSIGNED_CONTEXT ( ( #1593, #204, #1812 ) ) REPRESENTATION_CONTEXT ( 'NONE', 'WORKASPACE' ) );
#484 = DIRECTION ( 'NONE',  ( 1.000000000000000000, -5.421010862427523156E-16, 0.000000000000000000 ) ) ;
#485 = CARTESIAN_POINT ( 'NONE',  ( 2.500000000000000000, 0.000000000000000000, 1.800000000000000044 ) ) ;
#486 = DIRECTION ( 'NONE',  ( 0.000000000000000000, 0.000000000000000000, 1.000000000000000000 ) ) ;
#487 = EDGE_LOOP ( 'NONE', ( #161, #1595, #531, #2256 ) ) ;
#488 = DIRECTION ( 'NONE',  ( 2.891205793294680298E-16, 1.000000000000000000, -0.000000000000000000 ) ) ;
#489 = CARTESIAN_POINT ( 'NONE',  ( 2.899999999999999911, 3.551475717527323832E-16, 2.250000000000000000 ) ) ;
#490 = UNCERTAINTY_MEASURE_WITH_UNIT (LENGTH_MEASURE( 1.000000000000000082E-05 ), #2033, 'distance_accuracy_value', 'NONE');
#491 = EDGE_CURVE ( 'NONE', #1701, #1328, #1265, .T. ) ;
#492 = CARTESIAN_POINT ( 'NONE',  ( 1.680000000000001048, 1.280000000000000249, 0.01000000000000000021 ) ) ;
#493 = SURFACE_SIDE_STYLE ('',( #2070 ) ) ;
#494 = PLANE ( 'NONE',  #747 ) ;
#495 = ORIENTED_EDGE ( 'NONE', *, *, #1969, .T. ) ;
#496 =( GEOMETRIC_REPRESENTATION_CONTEXT ( 3 ) GLOBAL_UNCERTAINTY_ASSIGNED_CONTEXT ( ( #1344 ) ) GLOBAL_UNIT_ASSIGNED_CONTEXT ( ( #1161, #2249, #1848 ) ) REPRESENTATION_CONTEXT ( 'NONE', 'WORKASPACE' ) );
#497 = PLANE ( 'NONE',  #1823 ) ;
#498 =( GEOMETRIC_REPRESENTATION_CONTEXT ( 3 ) GLOBAL_UNCERTAINTY_ASSIGNED_CONTEXT ( ( #602 ) ) GLOBAL_UNIT_ASSIGNED_CONTEXT ( ( #1797, #386, #926 ) ) REPRESENTATION_CONTEXT ( 'NONE', 'WORKASPACE' ) );
#499 = DIRECTION ( 'NONE',  ( -0.000000000000000000, -0.000000000000000000, -1.000000000000000000 ) ) ;
#500 = ORIENTED_EDGE ( 'NONE', *, *, #378, .F. ) ;
#501 = DIRECTION ( 'NONE',  ( -1.275531967630005245E-16, 1.000000000000000000, -0.000000000000000000 ) ) ;
#502 = FILL_AREA_STYLE ('',( #1529 ) ) ;
#503 = EDGE_CURVE ( 'NONE', #356, #1606, #1425, .T. ) ;
#504 = FILL_AREA_STYLE_COLOUR ( '', #837 ) ;
#505 = PRESENTATION_LAYER_ASSIGNMENT (  '', '', ( #393 ) ) ;
#506 =( GEOMETRIC_REPRESENTATION_CONTEXT ( 3 ) GLOBAL_UNCERTAINTY_ASSIGNED_CONTEXT ( ( #2057 ) ) GLOBAL_UNIT_ASSIGNED_CONTEXT ( ( #843, #153, #477 ) ) REPRESENTATION_CONTEXT ( 'NONE', 'WORKASPACE' ) );
#507 = DIRECTION ( 'NONE',  ( -0.000000000000000000, -0.000000000000000000, -1.000000000000000000 ) ) ;
#508 = DIRECTION ( 'NONE',  ( 2.891205793294680298E-16, 1.000000000000000000, -0.000000000000000000 ) ) ;
#509 = AXIS2_PLACEMENT_3D ( 'NONE', #569, #912, #899 ) ;
#510 = FILL_AREA_STYLE ('',( #2084 ) ) ;
#511 = FILL_AREA_STYLE ('',( #92 ) ) ;
#512 = ORIENTED_EDGE ( 'NONE', *, *, #223, .F. ) ;
#513 = LINE ( 'NONE', #1376, #1392 ) ;
#514 = EDGE_CURVE ( 'NONE', #1404, #402, #2168, .T. ) ;
#515 = PLANE ( 'NONE',  #1687 ) ;
#516 = ORIENTED_EDGE ( 'NONE', *, *, #212, .T. ) ;
#517 = CARTESIAN_POINT ( 'NONE',  ( 0.000000000000000000, 0.000000000000000000, 1.800000000000000044 ) ) ;
#518 = LINE ( 'NONE', #348, #2117 ) ;
#519 = VERTEX_POINT ( 'NONE', #1437 ) ;
#520 = AXIS2_PLACEMENT_3D ( 'NONE', #1654, #607, #1309 ) ;
#521 = CARTESIAN_POINT ( 'NONE',  ( 0.000000000000000000, 0.000000000000000000, 1.800000000000000044 ) ) ;
#522 = ORIENTED_EDGE ( 'NONE', *, *, #797, .F. ) ;
#523 = SURFACE_SIDE_STYLE ('',( #1205 ) ) ;
#524 = EDGE_CURVE ( 'NONE', #881, #1200, #937, .T. ) ;
#525 = CARTESIAN_POINT ( 'NONE',  ( 0.000000000000000000, 0.000000000000000000, 0.05000000000000012768 ) ) ;
#526 = FILL_AREA_STYLE ('',( #1574 ) ) ;
#527 = EDGE_LOOP ( 'NONE', ( #885, #434, #1288, #1100 ) ) ;
#528 = FACE_OUTER_BOUND ( 'NONE', #2186, .T. ) ;
#529 = EDGE_CURVE ( 'NONE', #1318, #555, #1963, .T. ) ;
#530 = DIRECTION ( 'NONE',  ( -0.000000000000000000, -0.000000000000000000, -1.000000000000000000 ) ) ;
#531 = ORIENTED_EDGE ( 'NONE', *, *, #1294, .F. ) ;
#532 = CIRCLE ( 'NONE', #1707, 2.500000000000000000 ) ;
#533 = VECTOR ( 'NONE', #632, 1000.000000000000000 ) ;
#534 = FACE_OUTER_BOUND ( 'NONE', #107, .T. ) ;
#535 = ORIENTED_EDGE ( 'NONE', *, *, #1684, .F. ) ;
#536 = CARTESIAN_POINT ( 'NONE',  ( 2.300000000000002043, -3.350000000000000089, -0.000000000000000000 ) ) ;
#537 = SHAPE_REPRESENTATION ( '6862I\X2\94a25708\X0\', ( #364 ), #1102 ) ;
#538 = ORIENTED_EDGE ( 'NONE', *, *, #1058, .F. ) ;
#539 = EDGE_CURVE ( 'NONE', #457, #1692, #2180, .T. ) ;
#540 = CIRCLE ( 'NONE', #2200, 2.500000000000000000 ) ;
#541 =( NAMED_UNIT ( * ) PLANE_ANGLE_UNIT ( ) SI_UNIT ( $, .RADIAN. ) );
#542 = CARTESIAN_POINT ( 'NONE',  ( 3.100000000000000977, -3.399999999999999911, 0.000000000000000000 ) ) ;
#543 = ORIENTED_EDGE ( 'NONE', *, *, #1914, .F. ) ;
#544 = AXIS2_PLACEMENT_3D ( 'NONE', #521, #1042, #1419 ) ;
#545 = CARTESIAN_POINT ( 'NONE',  ( 0.000000000000000000, 0.000000000000000000, 2.299999999999999822 ) ) ;
#546 = EDGE_LOOP ( 'NONE', ( #716, #1297, #467, #374 ) ) ;
#547 = PRESENTATION_LAYER_ASSIGNMENT (  '', '', ( #1207 ) ) ;
#548 = PLANE ( 'NONE',  #1630 ) ;
#549 = FILL_AREA_STYLE ('',( #1470 ) ) ;
#550 = CARTESIAN_POINT ( 'NONE',  ( -0.3871516060492451450, -0.004399450068695718447, 6.299999999999999822 ) ) ;
#551 = ORIENTED_EDGE ( 'NONE', *, *, #242, .F. ) ;
#552 = EDGE_CURVE ( 'NONE', #188, #519, #1795, .T. ) ;
#553 = CARTESIAN_POINT ( 'NONE',  ( 2.500000000000000000, 3.061616997868383141E-16, 0.5000000000000000000 ) ) ;
#554 = DIRECTION ( 'NONE',  ( -5.421010862427523156E-16, -1.000000000000000000, 0.000000000000000000 ) ) ;
#555 = VERTEX_POINT ( 'NONE', #1617 ) ;
#556 = CARTESIAN_POINT ( 'NONE',  ( -1.499999999999997780, -1.850000000000000089, 0.000000000000000000 ) ) ;
#557 = ORIENTED_EDGE ( 'NONE', *, *, #314, .T. ) ;
#558 = AXIS2_PLACEMENT_3D ( 'NONE', #1021, #1544, #2262 ) ;
#559 = PLANE ( 'NONE',  #1557 ) ;
#560 = EDGE_CURVE ( 'NONE', #646, #1834, #113, .T. ) ;
#561 =( NAMED_UNIT ( * ) SI_UNIT ( $, .STERADIAN. ) SOLID_ANGLE_UNIT ( ) );
#562 = CARTESIAN_POINT ( 'NONE',  ( 0.000000000000000000, 0.000000000000000000, 0.000000000000000000 ) ) ;
#563 = ORIENTED_EDGE ( 'NONE', *, *, #1634, .F. ) ;
#564 =( NAMED_UNIT ( * ) PLANE_ANGLE_UNIT ( ) SI_UNIT ( $, .RADIAN. ) );
#565 = SURFACE_SIDE_STYLE ('',( #1282 ) ) ;
#566 = VERTEX_POINT ( 'NONE', #744 ) ;
#567 = AXIS2_PLACEMENT_3D ( 'NONE', #66, #766, #443 ) ;
#568 = PRODUCT_DEFINITION_SHAPE ( 'NONE', 'NONE',  #1695 ) ;
#569 = CARTESIAN_POINT ( 'NONE',  ( 0.4000000000000021316, -3.350000000000000089, 0.001000000000000000021 ) ) ;
#570 = ORIENTED_EDGE ( 'NONE', *, *, #864, .T. ) ;
#571 = PRESENTATION_LAYER_ASSIGNMENT (  '', '', ( #16 ) ) ;
#572 = COLOUR_RGB ( '',0.000000000000000000, 0.5803921568627450345, 0.000000000000000000 ) ;
#573 = CIRCLE ( 'NONE', #236, 2.500000000000000000 ) ;
#574 = EDGE_CURVE ( 'NONE', #1692, #33, #1449, .T. ) ;
#575 = PLANE ( 'NONE',  #394 ) ;
#576 = CARTESIAN_POINT ( 'NONE',  ( -0.3999999999999973577, 1.850000000000000533, 0.000000000000000000 ) ) ;
#577 = DIRECTION ( 'NONE',  ( 2.891205793294680298E-16, 1.000000000000000000, -0.000000000000000000 ) ) ;
#578 = ORIENTED_EDGE ( 'NONE', *, *, #975, .F. ) ;
#579 =( GEOMETRIC_REPRESENTATION_CONTEXT ( 3 ) GLOBAL_UNCERTAINTY_ASSIGNED_CONTEXT ( ( #1540 ) ) GLOBAL_UNIT_ASSIGNED_CONTEXT ( ( #159, #1561, #561 ) ) REPRESENTATION_CONTEXT ( 'NONE', 'WORKASPACE' ) );
#580 = PRESENTATION_LAYER_ASSIGNMENT (  '', '', ( #1893 ) ) ;
#581 = CARTESIAN_POINT ( 'NONE',  ( 1.500000000000003109, 3.349999999999999645, 0.001000000000000000021 ) ) ;
#582 = EDGE_LOOP ( 'NONE', ( #609, #1144, #1364, #391 ) ) ;
#583 = PRESENTATION_STYLE_ASSIGNMENT (( #2161 ) ) ;
#584 = ADVANCED_FACE ( 'NONE', ( #1806 ), #925, .F. ) ;
#585 = PRESENTATION_LAYER_ASSIGNMENT (  '', '', ( #1570 ) ) ;
#586 = VECTOR ( 'NONE', #1183, 1000.000000000000000 ) ;
#587 =( LENGTH_UNIT ( ) NAMED_UNIT ( * ) SI_UNIT ( .MILLI., .METRE. ) );
#588 = DIRECTION ( 'NONE',  ( 0.000000000000000000, 1.000000000000000000, 0.000000000000000000 ) ) ;
#589 = CARTESIAN_POINT ( 'NONE',  ( 2.300000000000002487, 1.850000000000000089, 0.001000000000000000021 ) ) ;
#590 =( LENGTH_UNIT ( ) NAMED_UNIT ( * ) SI_UNIT ( .MILLI., .METRE. ) );
#591 = ORIENTED_EDGE ( 'NONE', *, *, #1141, .F. ) ;
#592 = ORIENTED_EDGE ( 'NONE', *, *, #639, .T. ) ;
#593 = STYLED_ITEM ( 'NONE', ( #1479 ), #648 ) ;
#594 = CARTESIAN_POINT ( 'NONE',  ( -1.899999999999999911, 0.000000000000000000, 0.001000000000000000021 ) ) ;
#595 = CARTESIAN_POINT ( 'NONE',  ( -2.299999999999999822, 0.000000000000000000, 1.800000000000000044 ) ) ;
#596 = ORIENTED_EDGE ( 'NONE', *, *, #1401, .T. ) ;
#597 = EDGE_CURVE ( 'NONE', #1170, #1744, #441, .T. ) ;
#598 = CARTESIAN_POINT ( 'NONE',  ( -3.099999999999999645, 3.399999999999999911, 0.000000000000000000 ) ) ;
#599 = DIRECTION ( 'NONE',  ( -0.000000000000000000, -0.000000000000000000, -1.000000000000000000 ) ) ;
#600 = VERTEX_POINT ( 'NONE', #1876 ) ;
#601 = DIRECTION ( 'NONE',  ( 1.000000000000000000, 0.000000000000000000, -0.000000000000000000 ) ) ;
#602 = UNCERTAINTY_MEASURE_WITH_UNIT (LENGTH_MEASURE( 1.000000000000000082E-05 ), #1797, 'distance_accuracy_value', 'NONE');
#603 = VECTOR ( 'NONE', #1039, 1000.000000000000000 ) ;
#604 = DIRECTION ( 'NONE',  ( -0.000000000000000000, -0.000000000000000000, -1.000000000000000000 ) ) ;
#605 = PRESENTATION_LAYER_ASSIGNMENT (  '', '', ( #1519 ) ) ;
#606 = DIRECTION ( 'NONE',  ( 0.000000000000000000, 0.000000000000000000, 1.000000000000000000 ) ) ;
#607 = DIRECTION ( 'NONE',  ( 0.000000000000000000, -1.000000000000000000, 0.000000000000000000 ) ) ;
#608 = LINE ( 'NONE', #1491, #927 ) ;
#609 = ORIENTED_EDGE ( 'NONE', *, *, #1509, .T. ) ;
#610 = CARTESIAN_POINT ( 'NONE',  ( 2.500000000000000000, 0.000000000000000000, 1.800000000000000044 ) ) ;
#611 = CARTESIAN_POINT ( 'NONE',  ( 0.4000000000000021316, -3.350000000000000089, 0.001000000000000000021 ) ) ;
#612 = ORIENTED_EDGE ( 'NONE', *, *, #1861, .T. ) ;
#613 = STYLED_ITEM ( 'NONE', ( #799 ), #889 ) ;
#614 = LINE ( 'NONE', #1693, #1667 ) ;
#615 =( GEOMETRIC_REPRESENTATION_CONTEXT ( 3 ) GLOBAL_UNCERTAINTY_ASSIGNED_CONTEXT ( ( #625 ) ) GLOBAL_UNIT_ASSIGNED_CONTEXT ( ( #177, #1767, #2145 ) ) REPRESENTATION_CONTEXT ( 'NONE', 'WORKASPACE' ) );
#616 = FILL_AREA_STYLE ('',( #2044 ) ) ;
#617 = FILL_AREA_STYLE_COLOUR ( '', #866 ) ;
#618 = SURFACE_SIDE_STYLE ('',( #2060 ) ) ;
#619 = EDGE_LOOP ( 'NONE', ( #1704, #54, #543, #82 ) ) ;
#620 = EDGE_CURVE ( 'NONE', #1220, #1091, #1618, .T. ) ;
#621 =( LENGTH_UNIT ( ) NAMED_UNIT ( * ) SI_UNIT ( .MILLI., .METRE. ) );
#622 = CARTESIAN_POINT ( 'NONE',  ( -2.500000000000000000, 3.061616997868383141E-16, 1.800000000000000044 ) ) ;
#623 = ORIENTED_EDGE ( 'NONE', *, *, #1641, .T. ) ;
#624 = FILL_AREA_STYLE_COLOUR ( '', #969 ) ;
#625 = UNCERTAINTY_MEASURE_WITH_UNIT (LENGTH_MEASURE( 1.000000000000000082E-05 ), #177, 'distance_accuracy_value', 'NONE');
#626 = DIRECTION ( 'NONE',  ( 0.000000000000000000, 0.000000000000000000, -1.000000000000000000 ) ) ;
#627 = AXIS2_PLACEMENT_3D ( 'NONE', #75, #1164, #1699 ) ;
#628 = EDGE_CURVE ( 'NONE', #176, #1701, #2021, .T. ) ;
#629 =( LENGTH_UNIT ( ) NAMED_UNIT ( * ) SI_UNIT ( .MILLI., .METRE. ) );
#630 = DIRECTION ( 'NONE',  ( 1.000000000000000000, 0.000000000000000000, 0.000000000000000000 ) ) ;
#631 = CYLINDRICAL_SURFACE ( 'NONE', #1857, 2.500000000000000000 ) ;
#632 = DIRECTION ( 'NONE',  ( 1.000000000000000000, 0.000000000000000000, 0.000000000000000000 ) ) ;
#633 = DIRECTION ( 'NONE',  ( 1.000000000000000000, -0.000000000000000000, -0.000000000000000000 ) ) ;
#634 = VERTEX_POINT ( 'NONE', #1360 ) ;
#635 = LINE ( 'NONE', #647, #2271 ) ;
#636 = AXIS2_PLACEMENT_3D ( 'NONE', #422, #951, #2191 ) ;
#637 =( NAMED_UNIT ( * ) SI_UNIT ( $, .STERADIAN. ) SOLID_ANGLE_UNIT ( ) );
#638 = COLOUR_RGB ( '',1.000000000000000000, 1.000000000000000000, 0.000000000000000000 ) ;
#639 = EDGE_CURVE ( 'NONE', #356, #134, #960, .T. ) ;
#640 = CIRCLE ( 'NONE', #2232, 2.500000000000000000 ) ;
#641 = VECTOR ( 'NONE', #1188, 1000.000000000000000 ) ;
#642 = LINE ( 'NONE', #651, #1807 ) ;
#643 = CYLINDRICAL_SURFACE ( 'NONE', #636, 0.2000000000000000944 ) ;
#644 = LINE ( 'NONE', #1362, #858 ) ;
#645 = DIRECTION ( 'NONE',  ( 1.000000000000000000, -0.000000000000000000, -0.000000000000000000 ) ) ;
#646 = VERTEX_POINT ( 'NONE', #455 ) ;
#647 = CARTESIAN_POINT ( 'NONE',  ( -1.499999999999996891, 3.349999999999999645, 0.000000000000000000 ) ) ;
#648 = ADVANCED_FACE ( 'NONE', ( #774 ), #810, .F. ) ;
#649 = FACE_OUTER_BOUND ( 'NONE', #619, .T. ) ;
#650 = STYLED_ITEM ( 'NONE', ( #1566 ), #1720 ) ;
#651 = CARTESIAN_POINT ( 'NONE',  ( -1.499999999999996891, 3.349999999999999645, 0.001000000000000000021 ) ) ;
#652 =( LENGTH_UNIT ( ) NAMED_UNIT ( * ) SI_UNIT ( .MILLI., .METRE. ) );
#653 = CIRCLE ( 'NONE', #34, 0.2000000000000000944 ) ;
#654 = VERTEX_POINT ( 'NONE', #433 ) ;
#655 = VECTOR ( 'NONE', #2274, 1000.000000000000000 ) ;
#656 = CARTESIAN_POINT ( 'NONE',  ( 1.780000000000001359, 3.299999999999999822, 0.7990000000000000435 ) ) ;
#657 = DIRECTION ( 'NONE',  ( 0.000000000000000000, 0.000000000000000000, 1.000000000000000000 ) ) ;
#658 = LINE ( 'NONE', #2267, #1451 ) ;
#659 = ORIENTED_EDGE ( 'NONE', *, *, #1359, .T. ) ;
#660 = EDGE_CURVE ( 'NONE', #1272, #961, #642, .T. ) ;
#661 = DIRECTION ( 'NONE',  ( -1.000000000000000000, 2.891205793294680298E-16, 0.000000000000000000 ) ) ;
#662 = CARTESIAN_POINT ( 'NONE',  ( -0.3999999999999978018, -1.850000000000000089, 0.001000000000000000021 ) ) ;
#663 = APPLICATION_CONTEXT ( 'automotive_design' ) ;
#664 = ADVANCED_FACE ( 'NONE', ( #1155 ), #1438, .T. ) ;
#665 = DIRECTION ( 'NONE',  ( 0.000000000000000000, 0.000000000000000000, -1.000000000000000000 ) ) ;
#666 = DIRECTION ( 'NONE',  ( 0.000000000000000000, -0.000000000000000000, 1.000000000000000000 ) ) ;
#667 = VECTOR ( 'NONE', #2007, 1000.000000000000000 ) ;
#668 = MECHANICAL_DESIGN_GEOMETRIC_PRESENTATION_REPRESENTATION (  '', ( #1737 ), #260 ) ;
#669 = DIRECTION ( 'NONE',  ( 1.000000000000000000, 0.000000000000000000, 0.000000000000000000 ) ) ;
#670 =( NAMED_UNIT ( * ) SI_UNIT ( $, .STERADIAN. ) SOLID_ANGLE_UNIT ( ) );
#671 = ORIENTED_EDGE ( 'NONE', *, *, #202, .T. ) ;
#672 = EDGE_CURVE ( 'NONE', #919, #1272, #99, .T. ) ;
#673 = DIRECTION ( 'NONE',  ( -0.000000000000000000, -0.000000000000000000, -1.000000000000000000 ) ) ;
#674 = DIRECTION ( 'NONE',  ( 1.000000000000000000, 0.000000000000000000, 0.000000000000000000 ) ) ;
#675 = UNCERTAINTY_MEASURE_WITH_UNIT (LENGTH_MEASURE( 1.000000000000000082E-05 ), #1238, 'distance_accuracy_value', 'NONE');
#676 = FACE_OUTER_BOUND ( 'NONE', #861, .T. ) ;
#677 =( NAMED_UNIT ( * ) PLANE_ANGLE_UNIT ( ) SI_UNIT ( $, .RADIAN. ) );
#678 =( NAMED_UNIT ( * ) PLANE_ANGLE_UNIT ( ) SI_UNIT ( $, .RADIAN. ) );
#679 = ORIENTED_EDGE ( 'NONE', *, *, #2089, .T. ) ;
#680 = AXIS2_PLACEMENT_3D ( 'NONE', #1562, #2101, #849 ) ;
#681 = PRESENTATION_LAYER_ASSIGNMENT (  '', '', ( #1515 ) ) ;
#682 = CIRCLE ( 'NONE', #1194, 2.299999999999999822 ) ;
#683 = DIRECTION ( 'NONE',  ( -1.000000000000000000, 0.000000000000000000, 0.000000000000000000 ) ) ;
#684 = ORIENTED_EDGE ( 'NONE', *, *, #817, .F. ) ;
#685 = FILL_AREA_STYLE ('',( #1203 ) ) ;
#686 =( LENGTH_UNIT ( ) NAMED_UNIT ( * ) SI_UNIT ( .MILLI., .METRE. ) );
#687 = MANIFOLD_SOLID_BREP ( 'Ô²½Ç1', #911 ) ;
#688 = CARTESIAN_POINT ( 'NONE',  ( 0.000000000000000000, 0.000000000000000000, 0.000000000000000000 ) ) ;
#689 = CIRCLE ( 'NONE', #1385, 2.299999999999999822 ) ;
#690 = EDGE_LOOP ( 'NONE', ( #1418, #482, #789, #1774 ) ) ;
#691 = AXIS2_PLACEMENT_3D ( 'NONE', #1635, #1773, #1429 ) ;
#692 = VECTOR ( 'NONE', #1651, 1000.000000000000000 ) ;
#693 = CARTESIAN_POINT ( 'NONE',  ( -2.299999999999997602, -1.850000000000000089, 0.001000000000000000021 ) ) ;
#694 = CLOSED_SHELL ( 'NONE', ( #876, #2287, #1604, #956, #259, #2252, #727, #1405, #1866, #835, #410, #2241, #857, #1444, #5, #1854, #1766, #1783, #79, #1329, #2135, #1312, #1458, #943, #648, #1531, #1182, #1074, #844, #2160, #321, #1935, #2213, #172, #1154, #1274, #1720, #1041, #429, #889, #1416, #2169, #1281 ) ) ;
#695 = PRESENTATION_LAYER_ASSIGNMENT (  '', '', ( #1647 ) ) ;
#696 = ORIENTED_EDGE ( 'NONE', *, *, #182, .T. ) ;
#697 = CARTESIAN_POINT ( 'NONE',  ( -3.099999999999999645, 3.399999999999999911, 0.000000000000000000 ) ) ;
#698 = DIRECTION ( 'NONE',  ( 1.224646799147353207E-16, 1.000000000000000000, -0.000000000000000000 ) ) ;
#699 = CARTESIAN_POINT ( 'NONE',  ( 3.000000000000001776, 2.189999999999999947, 0.8000000000000000444 ) ) ;
#700 = SURFACE_STYLE_USAGE ( .BOTH. , #1523 ) ;
#701 = ORIENTED_EDGE ( 'NONE', *, *, #524, .F. ) ;
#702 = CARTESIAN_POINT ( 'NONE',  ( -3.099999999999999645, 3.399999999999999911, 0.8000000000000000444 ) ) ;
#703 = DIRECTION ( 'NONE',  ( -0.000000000000000000, -0.000000000000000000, -1.000000000000000000 ) ) ;
#704 = VERTEX_POINT ( 'NONE', #1558 ) ;
#705 =( GEOMETRIC_REPRESENTATION_CONTEXT ( 3 ) GLOBAL_UNCERTAINTY_ASSIGNED_CONTEXT ( ( #1685 ) ) GLOBAL_UNIT_ASSIGNED_CONTEXT ( ( #974, #677, #1380 ) ) REPRESENTATION_CONTEXT ( 'NONE', 'WORKASPACE' ) );
#706 = PLANE ( 'NONE',  #509 ) ;
#707 = DIRECTION ( 'NONE',  ( 1.000000000000000000, -5.421010862427523156E-16, 0.000000000000000000 ) ) ;
#708 = DIRECTION ( 'NONE',  ( -0.000000000000000000, -0.000000000000000000, -1.000000000000000000 ) ) ;
#709 = EDGE_CURVE ( 'NONE', #457, #1879, #2204, .T. ) ;
#710 = VERTEX_POINT ( 'NONE', #1217 ) ;
#711 = PRESENTATION_STYLE_ASSIGNMENT (( #1266 ) ) ;
#712 = VERTEX_POINT ( 'NONE', #1032 ) ;
#713 = PRESENTATION_LAYER_ASSIGNMENT (  '', '', ( #2272 ) ) ;
#714 = STYLED_ITEM ( 'NONE', ( #136 ), #259 ) ;
#715 = DIRECTION ( 'NONE',  ( -0.000000000000000000, -0.000000000000000000, -1.000000000000000000 ) ) ;
#716 = ORIENTED_EDGE ( 'NONE', *, *, #1219, .F. ) ;
#717 = PLANE ( 'NONE',  #1485 ) ;
#718 = EDGE_CURVE ( 'NONE', #1091, #1220, #1942, .T. ) ;
#719 = DIRECTION ( 'NONE',  ( -1.000000000000000000, 2.891205793294680298E-16, 0.000000000000000000 ) ) ;
#720 = EDGE_LOOP ( 'NONE', ( #913, #929, #266, #1527 ) ) ;
#721 = MECHANICAL_DESIGN_GEOMETRIC_PRESENTATION_REPRESENTATION (  '', ( #613 ), #2006 ) ;
#722 = PRESENTATION_STYLE_ASSIGNMENT (( #950 ) ) ;
#723 = ORIENTED_EDGE ( 'NONE', *, *, #2043, .T. ) ;
#724 = STYLED_ITEM ( 'NONE', ( #2173 ), #1783 ) ;
#725 = DIRECTION ( 'NONE',  ( -1.000000000000000000, 5.421010862427523156E-16, 0.000000000000000000 ) ) ;
#726 = ORIENTED_EDGE ( 'NONE', *, *, #672, .T. ) ;
#727 = ADVANCED_FACE ( 'NONE', ( #1009 ), #1229, .T. ) ;
#728 =( LENGTH_UNIT ( ) NAMED_UNIT ( * ) SI_UNIT ( .MILLI., .METRE. ) );
#729 =( NAMED_UNIT ( * ) PLANE_ANGLE_UNIT ( ) SI_UNIT ( $, .RADIAN. ) );
#730 = FACE_OUTER_BOUND ( 'NONE', #1732, .T. ) ;
#731 = ORIENTED_EDGE ( 'NONE', *, *, #1359, .F. ) ;
#732 = CARTESIAN_POINT ( 'NONE',  ( 0.000000000000000000, 0.000000000000000000, 0.5000000000000000000 ) ) ;
#733 = FILL_AREA_STYLE ('',( #1816 ) ) ;
#734 = ORIENTED_EDGE ( 'NONE', *, *, #284, .F. ) ;
#735 = FILL_AREA_STYLE ('',( #1271 ) ) ;
#736 = VERTEX_POINT ( 'NONE', #1920 ) ;
#737 = VECTOR ( 'NONE', #1080, 1000.000000000000000 ) ;
#738 = EDGE_CURVE ( 'NONE', #2100, #710, #2257, .T. ) ;
#739 = VECTOR ( 'NONE', #708, 1000.000000000000000 ) ;
#740 = DIRECTION ( 'NONE',  ( 1.000000000000000000, 0.000000000000000000, 0.000000000000000000 ) ) ;
#741 = UNCERTAINTY_MEASURE_WITH_UNIT (LENGTH_MEASURE( 1.000000000000000082E-05 ), #587, 'distance_accuracy_value', 'NONE');
#742 = PRESENTATION_STYLE_ASSIGNMENT (( #773 ) ) ;
#743 = EDGE_LOOP ( 'NONE', ( #1938, #1890, #816, #1768 ) ) ;
#744 = CARTESIAN_POINT ( 'NONE',  ( -0.3999999999999978018, -3.350000000000000089, -0.000000000000000000 ) ) ;
#745 = DIRECTION ( 'NONE',  ( 1.000000000000000000, 0.000000000000000000, 0.000000000000000000 ) ) ;
#746 = ORIENTED_EDGE ( 'NONE', *, *, #718, .T. ) ;
#747 = AXIS2_PLACEMENT_3D ( 'NONE', #1739, #1361, #868 ) ;
#748 = EDGE_CURVE ( 'NONE', #472, #93, #1150, .T. ) ;
#749 = DIRECTION ( 'NONE',  ( 1.000000000000000000, 0.000000000000000000, 0.000000000000000000 ) ) ;
#750 = VERTEX_POINT ( 'NONE', #1431 ) ;
#751 = VECTOR ( 'NONE', #292, 1000.000000000000000 ) ;
#752 = FACE_OUTER_BOUND ( 'NONE', #1196, .T. ) ;
#753 = CARTESIAN_POINT ( 'NONE',  ( 2.300000000000002931, 3.349999999999999645, 0.001000000000000000021 ) ) ;
#754 = CARTESIAN_POINT ( 'NONE',  ( 2.300000000000002043, -3.350000000000000089, 0.001000000000000000021 ) ) ;
#755 = ORIENTED_EDGE ( 'NONE', *, *, #1257, .T. ) ;
#756 = CARTESIAN_POINT ( 'NONE',  ( -1.499999999999996891, 3.349999999999999645, 0.001000000000000000021 ) ) ;
#757 = ORIENTED_EDGE ( 'NONE', *, *, #4, .F. ) ;
#758 = VECTOR ( 'NONE', #2284, 1000.000000000000000 ) ;
#759 = CARTESIAN_POINT ( 'NONE',  ( -3.099999999999998757, -3.399999999999999911, 0.000000000000000000 ) ) ;
#760 = VECTOR ( 'NONE', #1249, 1000.000000000000000 ) ;
#761 = UNCERTAINTY_MEASURE_WITH_UNIT (LENGTH_MEASURE( 1.000000000000000082E-05 ), #796, 'distance_accuracy_value', 'NONE');
#762 = CARTESIAN_POINT ( 'NONE',  ( -1.499999999999996891, 3.349999999999999645, 0.001000000000000000021 ) ) ;
#763 = SURFACE_STYLE_USAGE ( .BOTH. , #62 ) ;
#764 = EDGE_CURVE ( 'NONE', #654, #1564, #1195, .T. ) ;
#765 = CARTESIAN_POINT ( 'NONE',  ( -0.3999999999999978018, -3.350000000000000089, 0.001000000000000000021 ) ) ;
#766 = DIRECTION ( 'NONE',  ( 0.000000000000000000, 1.000000000000000000, -0.000000000000000000 ) ) ;
#767 = SURFACE_STYLE_USAGE ( .BOTH. , #1349 ) ;
#768 = FACE_OUTER_BOUND ( 'NONE', #1894, .T. ) ;
#769 = ORIENTED_EDGE ( 'NONE', *, *, #21, .F. ) ;
#770 =( NAMED_UNIT ( * ) SI_UNIT ( $, .STERADIAN. ) SOLID_ANGLE_UNIT ( ) );
#771 = AXIS2_PLACEMENT_3D ( 'NONE', #525, #2107, #1752 ) ;
#772 = PRESENTATION_LAYER_ASSIGNMENT (  '', '', ( #1840 ) ) ;
#773 = SURFACE_STYLE_USAGE ( .BOTH. , #36 ) ;
#774 = FACE_OUTER_BOUND ( 'NONE', #720, .T. ) ;
#775 = PLANE ( 'NONE',  #567 ) ;
#776 = EDGE_LOOP ( 'NONE', ( #359, #755, #623, #726 ) ) ;
#777 = CARTESIAN_POINT ( 'NONE',  ( 1.780000000000001359, 3.299999999999999822, 0.7990000000000000435 ) ) ;
#778 = CARTESIAN_POINT ( 'NONE',  ( 0.000000000000000000, 0.000000000000000000, 0.8000000000000000444 ) ) ;
#779 = STYLED_ITEM ( 'NONE', ( #156 ), #2287 ) ;
#780 = ORIENTED_EDGE ( 'NONE', *, *, #1550, .T. ) ;
#781 = SURFACE_STYLE_FILL_AREA ( #1669 ) ;
#782 = VECTOR ( 'NONE', #449, 1000.000000000000000 ) ;
#783 = DIRECTION ( 'NONE',  ( -1.000000000000000000, 0.000000000000000000, 0.000000000000000000 ) ) ;
#784 = FACE_OUTER_BOUND ( 'NONE', #1961, .T. ) ;
#785 = ITEM_DEFINED_TRANSFORMATION ( 'NONE', 'NONE', #2018,  #364 ) ;
#786 = EDGE_CURVE ( 'NONE', #190, #326, #1240, .T. ) ;
#787 = SURFACE_STYLE_FILL_AREA ( #1833 ) ;
#788 = DIRECTION ( 'NONE',  ( 1.275531967630005245E-16, -1.000000000000000000, 0.000000000000000000 ) ) ;
#789 = ORIENTED_EDGE ( 'NONE', *, *, #2013, .F. ) ;
#790 = DIRECTION ( 'NONE',  ( -1.000000000000000000, 0.000000000000000000, 0.000000000000000000 ) ) ;
#791 = CARTESIAN_POINT ( 'NONE',  ( -2.500000000000000000, 3.061616997868383141E-16, 1.800000000000000044 ) ) ;
#792 = CARTESIAN_POINT ( 'NONE',  ( 2.500000000000000000, 0.000000000000000000, 2.299999999999999822 ) ) ;
#793 = PRESENTATION_LAYER_ASSIGNMENT (  '', '', ( #1639 ) ) ;
#794 = ORIENTED_EDGE ( 'NONE', *, *, #748, .F. ) ;
#795 = AXIS2_PLACEMENT_3D ( 'NONE', #809, #1993, #85 ) ;
#796 =( LENGTH_UNIT ( ) NAMED_UNIT ( * ) SI_UNIT ( .MILLI., .METRE. ) );
#797 = EDGE_CURVE ( 'NONE', #750, #1988, #1410, .T. ) ;
#798 = SURFACE_STYLE_USAGE ( .BOTH. , #2069 ) ;
#799 = PRESENTATION_STYLE_ASSIGNMENT (( #1172 ) ) ;
#800 = AXIS2_PLACEMENT_3D ( 'NONE', #2215, #2032, #626 ) ;
#801 = LINE ( 'NONE', #1499, #375 ) ;
#802 = EDGE_LOOP ( 'NONE', ( #1781, #69, #1601, #1578 ) ) ;
#803 = CARTESIAN_POINT ( 'NONE',  ( -2.899999999999999911, 0.000000000000000000, 0.05000000000000012768 ) ) ;
#804 = CARTESIAN_POINT ( 'NONE',  ( 2.849999999999999645, 0.000000000000000000, 0.05000000000000012768 ) ) ;
#805 = CARTESIAN_POINT ( 'NONE',  ( 2.300000000000002931, 3.349999999999999645, 0.000000000000000000 ) ) ;
#806 = ORIENTED_EDGE ( 'NONE', *, *, #332, .F. ) ;
#807 = EDGE_CURVE ( 'NONE', #2159, #2124, #1738, .T. ) ;
#808 = PRODUCT_DEFINITION_CONTEXT ( 'detailed design', #1723, 'design' ) ;
#809 = CARTESIAN_POINT ( 'NONE',  ( 0.000000000000000000, 0.000000000000000000, 1.800000000000000044 ) ) ;
#810 = PLANE ( 'NONE',  #520 ) ;
#811 = FACE_OUTER_BOUND ( 'NONE', #138, .T. ) ;
#812 = ORIENTED_EDGE ( 'NONE', *, *, #1228, .F. ) ;
#813 = PLANE ( 'NONE',  #1169 ) ;
#814 = FILL_AREA_STYLE ('',( #310 ) ) ;
#815 = CARTESIAN_POINT ( 'NONE',  ( 0.4000000000000030198, 3.349999999999999645, 0.001000000000000000021 ) ) ;
#816 = ORIENTED_EDGE ( 'NONE', *, *, #1641, .F. ) ;
#817 = EDGE_CURVE ( 'NONE', #365, #1091, #1036, .T. ) ;
#818 = DIRECTION ( 'NONE',  ( -0.000000000000000000, -0.000000000000000000, -1.000000000000000000 ) ) ;
#819 =( GEOMETRIC_REPRESENTATION_CONTEXT ( 3 ) GLOBAL_UNCERTAINTY_ASSIGNED_CONTEXT ( ( #1477 ) ) GLOBAL_UNIT_ASSIGNED_CONTEXT ( ( #728, #2136, #770 ) ) REPRESENTATION_CONTEXT ( 'NONE', 'WORKASPACE' ) );
#820 = CARTESIAN_POINT ( 'NONE',  ( 0.4000000000000025757, 1.850000000000000089, 0.001000000000000000021 ) ) ;
#821 = EDGE_CURVE ( 'NONE', #1834, #646, #2029, .T. ) ;
#822 = ORIENTED_EDGE ( 'NONE', *, *, #764, .F. ) ;
#823 = SURFACE_STYLE_FILL_AREA ( #1432 ) ;
#824 = FACE_OUTER_BOUND ( 'NONE', #743, .T. ) ;
#825 = ORIENTED_EDGE ( 'NONE', *, *, #620, .F. ) ;
#826 = PRESENTATION_STYLE_ASSIGNMENT (( #129 ) ) ;
#827 = PLANE ( 'NONE',  #2286 ) ;
#828 =( GEOMETRIC_REPRESENTATION_CONTEXT ( 3 ) GLOBAL_UNCERTAINTY_ASSIGNED_CONTEXT ( ( #1885 ) ) GLOBAL_UNIT_ASSIGNED_CONTEXT ( ( #114, #2208, #263 ) ) REPRESENTATION_CONTEXT ( 'NONE', 'WORKASPACE' ) );
#829 = UNCERTAINTY_MEASURE_WITH_UNIT (LENGTH_MEASURE( 1.000000000000000082E-05 ), #1730, 'distance_accuracy_value', 'NONE');
#830 = PRESENTATION_STYLE_ASSIGNMENT (( #798 ) ) ;
#831 = PLANE ( 'NONE',  #1790 ) ;
#832 = MECHANICAL_DESIGN_GEOMETRIC_PRESENTATION_REPRESENTATION (  '', ( #724 ), #1319 ) ;
#833 = VECTOR ( 'NONE', #304, 1000.000000000000000 ) ;
#834 = DIRECTION ( 'NONE',  ( -1.000000000000000000, 0.000000000000000000, 0.000000000000000000 ) ) ;
#835 = ADVANCED_FACE ( 'NONE', ( #730 ), #215, .F. ) ;
#836 = ORIENTED_EDGE ( 'NONE', *, *, #332, .T. ) ;
#837 = COLOUR_RGB ( '',1.000000000000000000, 1.000000000000000000, 0.000000000000000000 ) ;
#838 = DIRECTION ( 'NONE',  ( -1.000000000000000000, 5.421010862427523156E-16, 0.000000000000000000 ) ) ;
#839 = DIRECTION ( 'NONE',  ( 0.000000000000000000, -1.000000000000000000, 0.000000000000000000 ) ) ;
#840 = ORIENTED_EDGE ( 'NONE', *, *, #993, .F. ) ;
#841 = DIRECTION ( 'NONE',  ( 0.000000000000000000, -1.000000000000000000, 0.000000000000000000 ) ) ;
#842 = LINE ( 'NONE', #1356, #1427 ) ;
#843 =( LENGTH_UNIT ( ) NAMED_UNIT ( * ) SI_UNIT ( .MILLI., .METRE. ) );
#844 = ADVANCED_FACE ( 'NONE', ( #752 ), #17, .F. ) ;
#845 = AXIS2_PLACEMENT_3D ( 'NONE', #1403, #665, #1909 ) ;
#846 = ORIENTED_EDGE ( 'NONE', *, *, #1926, .T. ) ;
#847 = MECHANICAL_DESIGN_GEOMETRIC_PRESENTATION_REPRESENTATION (  '', ( #1840 ), #340 ) ;
#848 = DIRECTION ( 'NONE',  ( -5.421010862427523156E-16, -1.000000000000000000, 0.000000000000000000 ) ) ;
#849 = DIRECTION ( 'NONE',  ( 2.891205793294679312E-16, 1.000000000000000000, 0.000000000000000000 ) ) ;
#850 = VERTEX_POINT ( 'NONE', #1251 ) ;
#851 = LINE ( 'NONE', #1214, #758 ) ;
#852 = DIRECTION ( 'NONE',  ( -2.891205793294680298E-16, -1.000000000000000000, 0.000000000000000000 ) ) ;
#853 = PRESENTATION_STYLE_ASSIGNMENT (( #1769 ) ) ;
#854 = FILL_AREA_STYLE ('',( #306 ) ) ;
#855 = VECTOR ( 'NONE', #2183, 1000.000000000000000 ) ;
#856 = DIRECTION ( 'NONE',  ( -1.000000000000000000, 0.000000000000000000, 0.000000000000000000 ) ) ;
#857 = ADVANCED_FACE ( 'NONE', ( #397 ), #903, .F. ) ;
#858 = VECTOR ( 'NONE', #1878, 1000.000000000000000 ) ;
#859 = VECTOR ( 'NONE', #425, 1000.000000000000000 ) ;
#860 = CARTESIAN_POINT ( 'NONE',  ( 0.4000000000000030198, 3.349999999999999645, 0.001000000000000000021 ) ) ;
#861 = EDGE_LOOP ( 'NONE', ( #1236, #1899, #1648, #1616 ) ) ;
#862 = CARTESIAN_POINT ( 'NONE',  ( 3.100000000000000533, 3.399999999999999911, 0.8000000000000000444 ) ) ;
#863 = DIRECTION ( 'NONE',  ( -0.000000000000000000, -0.000000000000000000, -1.000000000000000000 ) ) ;
#864 = EDGE_CURVE ( 'NONE', #176, #916, #1446, .T. ) ;
#865 = AXIS2_PLACEMENT_3D ( 'NONE', #1836, #1689, #1825 ) ;
#866 = COLOUR_RGB ( '',1.000000000000000000, 1.000000000000000000, 0.000000000000000000 ) ;
#867 = DIRECTION ( 'NONE',  ( 0.000000000000000000, 0.000000000000000000, 1.000000000000000000 ) ) ;
#868 = DIRECTION ( 'NONE',  ( 0.000000000000000000, 0.000000000000000000, -1.000000000000000000 ) ) ;
#869 = ORIENTED_EDGE ( 'NONE', *, *, #269, .T. ) ;
#870 = CARTESIAN_POINT ( 'NONE',  ( 0.4000000000000021316, -3.350000000000000089, 0.001000000000000000021 ) ) ;
#871 = MECHANICAL_DESIGN_GEOMETRIC_PRESENTATION_REPRESENTATION (  '', ( #1570 ), #1138 ) ;
#872 = SURFACE_STYLE_USAGE ( .BOTH. , #2111 ) ;
#873 = AXIS2_PLACEMENT_3D ( 'NONE', #1471, #1301, #674 ) ;
#874 = ORIENTED_EDGE ( 'NONE', *, *, #1509, .F. ) ;
#875 = PRODUCT_DEFINITION_SHAPE ( 'NONE', 'NONE',  #2289 ) ;
#876 = ADVANCED_FACE ( 'NONE', ( #51 ), #408, .F. ) ;
#877 = CARTESIAN_POINT ( 'NONE',  ( -1.499999999999997335, 1.850000000000000089, 0.001000000000000000021 ) ) ;
#878 = CARTESIAN_POINT ( 'NONE',  ( 0.4000000000000030198, 3.349999999999999645, 0.000000000000000000 ) ) ;
#879 = CARTESIAN_POINT ( 'NONE',  ( 0.000000000000000000, 0.000000000000000000, 1.800000000000000044 ) ) ;
#880 = CARTESIAN_POINT ( 'NONE',  ( -0.3871516060492442568, -0.004399450068695836408, 7.100000000000000533 ) ) ;
#881 = VERTEX_POINT ( 'NONE', #2005 ) ;
#882 =( LENGTH_UNIT ( ) NAMED_UNIT ( * ) SI_UNIT ( .MILLI., .METRE. ) );
#883 =( GEOMETRIC_REPRESENTATION_CONTEXT ( 3 ) GLOBAL_UNCERTAINTY_ASSIGNED_CONTEXT ( ( #992 ) ) GLOBAL_UNIT_ASSIGNED_CONTEXT ( ( #629, #111, #272 ) ) REPRESENTATION_CONTEXT ( 'NONE', 'WORKASPACE' ) );
#884 = DIRECTION ( 'NONE',  ( 1.000000000000000000, -2.891205793294679312E-16, 0.000000000000000000 ) ) ;
#885 = ORIENTED_EDGE ( 'NONE', *, *, #1775, .F. ) ;
#886 = COLOUR_RGB ( '',1.000000000000000000, 1.000000000000000000, 0.000000000000000000 ) ;
#887 = FACE_BOUND ( 'NONE', #1481, .T. ) ;
#888 = ORIENTED_EDGE ( 'NONE', *, *, #1861, .F. ) ;
#889 = ADVANCED_FACE ( 'NONE', ( #649 ), #1478, .F. ) ;
#890 = FILL_AREA_STYLE ('',( #2164 ) ) ;
#891 = VERTEX_POINT ( 'NONE', #959 ) ;
#892 = DIRECTION ( 'NONE',  ( -1.000000000000000000, 0.000000000000000000, 0.000000000000000000 ) ) ;
#893 = ADVANCED_FACE ( 'NONE', ( #1686 ), #1314, .T. ) ;
#894 =( NAMED_UNIT ( * ) SI_UNIT ( $, .STERADIAN. ) SOLID_ANGLE_UNIT ( ) );
#895 = ORIENTED_EDGE ( 'NONE', *, *, #2125, .T. ) ;
#896 = AXIS2_PLACEMENT_3D ( 'NONE', #416, #1127, #740 ) ;
#897 = VECTOR ( 'NONE', #2016, 1000.000000000000000 ) ;
#898 = VECTOR ( 'NONE', #2233, 1000.000000000000000 ) ;
#899 = DIRECTION ( 'NONE',  ( 0.000000000000000000, 0.000000000000000000, -1.000000000000000000 ) ) ;
#900 = EDGE_LOOP ( 'NONE', ( #1785, #1381, #825, #241 ) ) ;
#901 = FILL_AREA_STYLE ('',( #1554 ) ) ;
#902 = SURFACE_SIDE_STYLE ('',( #1536 ) ) ;
#903 = PLANE ( 'NONE',  #2259 ) ;
#904 =( NAMED_UNIT ( * ) PLANE_ANGLE_UNIT ( ) SI_UNIT ( $, .RADIAN. ) );
#905 = EDGE_LOOP ( 'NONE', ( #659, #460, #2122, #404 ) ) ;
#906 = AXIS2_PLACEMENT_3D ( 'NONE', #995, #606, #257 ) ;
#907 = ADVANCED_FACE ( 'NONE', ( #1153 ), #1832, .F. ) ;
#908 = LINE ( 'NONE', #240, #2077 ) ;
#909 = ORIENTED_EDGE ( 'NONE', *, *, #1543, .T. ) ;
#910 = MECHANICAL_DESIGN_GEOMETRIC_PRESENTATION_REPRESENTATION (  '', ( #2009 ), #942 ) ;
#911 = CLOSED_SHELL ( 'NONE', ( #664, #149, #584, #1097, #400, #1273, #1661, #1201, #1377, #907, #1671, #1248, #1624, #255, #893, #140 ) ) ;
#912 = DIRECTION ( 'NONE',  ( 1.000000000000000000, 0.000000000000000000, 0.000000000000000000 ) ) ;
#913 = ORIENTED_EDGE ( 'NONE', *, *, #1775, .T. ) ;
#914 = LINE ( 'NONE', #1277, #692 ) ;
#915 = DIRECTION ( 'NONE',  ( 0.000000000000000000, -1.000000000000000000, 0.000000000000000000 ) ) ;
#916 = VERTEX_POINT ( 'NONE', #2226 ) ;
#917 = DIRECTION ( 'NONE',  ( -0.000000000000000000, -0.000000000000000000, -1.000000000000000000 ) ) ;
#918 = CARTESIAN_POINT ( 'NONE',  ( -0.3999999999999969136, 3.349999999999999645, 0.001000000000000000021 ) ) ;
#919 = VERTEX_POINT ( 'NONE', #1346 ) ;
#920 = PLANE ( 'NONE',  #247 ) ;
#921 = ORIENTED_EDGE ( 'NONE', *, *, #529, .F. ) ;
#922 = VECTOR ( 'NONE', #2227, 1000.000000000000000 ) ;
#923 = CARTESIAN_POINT ( 'NONE',  ( 0.4000000000000030198, 3.349999999999999645, 0.001000000000000000021 ) ) ;
#924 = FILL_AREA_STYLE_COLOUR ( '', #2166 ) ;
#925 = CYLINDRICAL_SURFACE ( 'NONE', #338, 2.299999999999999822 ) ;
#926 =( NAMED_UNIT ( * ) SI_UNIT ( $, .STERADIAN. ) SOLID_ANGLE_UNIT ( ) );
#927 = VECTOR ( 'NONE', #1844, 1000.000000000000000 ) ;
#928 = DIRECTION ( 'NONE',  ( -0.000000000000000000, 0.000000000000000000, 1.000000000000000000 ) ) ;
#929 = ORIENTED_EDGE ( 'NONE', *, *, #514, .F. ) ;
#930 = STYLED_ITEM ( 'NONE', ( #2030 ), #1531 ) ;
#931 = PRESENTATION_LAYER_ASSIGNMENT (  '', '', ( #1454 ) ) ;
#932 = VECTOR ( 'NONE', #299, 1000.000000000000000 ) ;
#933 = CARTESIAN_POINT ( 'NONE',  ( -1.899999999999999911, 0.000000000000000000, 0.001000000000000000021 ) ) ;
#934 = LINE ( 'NONE', #226, #1053 ) ;
#935 =( NAMED_UNIT ( * ) PLANE_ANGLE_UNIT ( ) SI_UNIT ( $, .RADIAN. ) );
#936 = CARTESIAN_POINT ( 'NONE',  ( 2.299999999999999822, 2.816687638038912056E-16, 0.5000000000000000000 ) ) ;
#937 = LINE ( 'NONE', #1782, #1331 ) ;
#938 = FILL_AREA_STYLE_COLOUR ( '', #1414 ) ;
#939 = CARTESIAN_POINT ( 'NONE',  ( 2.300000000000002043, -3.350000000000000089, 0.001000000000000000021 ) ) ;
#940 = FACE_BOUND ( 'NONE', #527, .T. ) ;
#941 = EDGE_LOOP ( 'NONE', ( #1027, #2282, #701, #780 ) ) ;
#942 =( GEOMETRIC_REPRESENTATION_CONTEXT ( 3 ) GLOBAL_UNCERTAINTY_ASSIGNED_CONTEXT ( ( #761 ) ) GLOBAL_UNIT_ASSIGNED_CONTEXT ( ( #796, #2066, #2212 ) ) REPRESENTATION_CONTEXT ( 'NONE', 'WORKASPACE' ) );
#943 = ADVANCED_FACE ( 'NONE', ( #784 ), #1489, .F. ) ;
#944 = VECTOR ( 'NONE', #2078, 1000.000000000000000 ) ;
#945 = PRESENTATION_STYLE_ASSIGNMENT (( #392 ) ) ;
#946 = CIRCLE ( 'NONE', #1244, 2.849999999999999645 ) ;
#947 = UNCERTAINTY_MEASURE_WITH_UNIT (LENGTH_MEASURE( 1.000000000000000082E-05 ), #2163, 'distance_accuracy_value', 'NONE');
#948 = FILL_AREA_STYLE_COLOUR ( '', #362 ) ;
#949 = FACE_OUTER_BOUND ( 'NONE', #1148, .T. ) ;
#950 = SURFACE_STYLE_USAGE ( .BOTH. , #347 ) ;
#951 = DIRECTION ( 'NONE',  ( -0.000000000000000000, -0.000000000000000000, -1.000000000000000000 ) ) ;
#952 = ORIENTED_EDGE ( 'NONE', *, *, #748, .T. ) ;
#953 = PLANE ( 'NONE',  #1668 ) ;
#954 = ORIENTED_EDGE ( 'NONE', *, *, #821, .T. ) ;
#955 = DIRECTION ( 'NONE',  ( -1.000000000000000000, 5.421010862427523156E-16, 0.000000000000000000 ) ) ;
#956 = ADVANCED_FACE ( 'NONE', ( #329 ), #831, .F. ) ;
#957 = VECTOR ( 'NONE', #1293, 1000.000000000000000 ) ;
#958 = CARTESIAN_POINT ( 'NONE',  ( 2.300000000000002487, 1.850000000000000089, 0.001000000000000000021 ) ) ;
#959 = CARTESIAN_POINT ( 'NONE',  ( -1.499999999999996891, 3.349999999999999645, 0.000000000000000000 ) ) ;
#960 = LINE ( 'NONE', #820, #667 ) ;
#961 = VERTEX_POINT ( 'NONE', #142 ) ;
#962 = EDGE_CURVE ( 'NONE', #190, #188, #1368, .T. ) ;
#963 = FILL_AREA_STYLE_COLOUR ( '', #1967 ) ;
#964 = LINE ( 'NONE', #1326, #898 ) ;
#965 = DIRECTION ( 'NONE',  ( -0.000000000000000000, -0.000000000000000000, -1.000000000000000000 ) ) ;
#966 = EDGE_LOOP ( 'NONE', ( #1066, #1135 ) ) ;
#967 = DIRECTION ( 'NONE',  ( -1.000000000000000000, 0.000000000000000000, 0.000000000000000000 ) ) ;
#968 = COLOUR_RGB ( '',1.000000000000000000, 1.000000000000000000, 0.000000000000000000 ) ;
#969 = COLOUR_RGB ( '',1.000000000000000000, 1.000000000000000000, 0.000000000000000000 ) ;
#970 = AXIS2_PLACEMENT_3D ( 'NONE', #860, #884, #1222 ) ;
#971 = PRESENTATION_STYLE_ASSIGNMENT (( #295 ) ) ;
#972 = FILL_AREA_STYLE ('',( #283 ) ) ;
#973 = EDGE_CURVE ( 'NONE', #555, #337, #1006, .T. ) ;
#974 =( LENGTH_UNIT ( ) NAMED_UNIT ( * ) SI_UNIT ( .MILLI., .METRE. ) );
#975 = EDGE_CURVE ( 'NONE', #472, #143, #1216, .T. ) ;
#976 = SURFACE_SIDE_STYLE ('',( #125 ) ) ;
#977 = CARTESIAN_POINT ( 'NONE',  ( 3.000000000000001332, 3.299999999999999822, 0.7990000000000000435 ) ) ;
#978 = EDGE_LOOP ( 'NONE', ( #2218, #1339, #2288, #346 ) ) ;
#979 = VECTOR ( 'NONE', #2095, 1000.000000000000000 ) ;
#980 = PRESENTATION_LAYER_ASSIGNMENT (  '', '', ( #724 ) ) ;
#981 = CARTESIAN_POINT ( 'NONE',  ( 0.4000000000000030198, 3.349999999999999645, 0.000000000000000000 ) ) ;
#982 = PRESENTATION_LAYER_ASSIGNMENT (  '', '', ( #2094 ) ) ;
#983 = PRESENTATION_STYLE_ASSIGNMENT (( #100 ) ) ;
#984 = EDGE_CURVE ( 'NONE', #78, #646, #1751, .T. ) ;
#985 = AXIS2_PLACEMENT_3D ( 'NONE', #562, #1252, #1946 ) ;
#986 = CARTESIAN_POINT ( 'NONE',  ( 0.000000000000000000, 0.000000000000000000, 1.800000000000000044 ) ) ;
#987 = CARTESIAN_POINT ( 'NONE',  ( 1.500000000000003109, 3.349999999999999645, 0.001000000000000000021 ) ) ;
#988 = CARTESIAN_POINT ( 'NONE',  ( 2.500000000000000000, 3.061616997868383141E-16, 0.5000000000000000000 ) ) ;
#989 = ORIENTED_EDGE ( 'NONE', *, *, #1389, .T. ) ;
#990 = CARTESIAN_POINT ( 'NONE',  ( -2.299999999999997602, -3.350000000000000089, 0.001000000000000000021 ) ) ;
#991 = CARTESIAN_POINT ( 'NONE',  ( 1.500000000000002665, 1.850000000000000533, 0.001000000000000000021 ) ) ;
#992 = UNCERTAINTY_MEASURE_WITH_UNIT (LENGTH_MEASURE( 1.000000000000000082E-05 ), #629, 'distance_accuracy_value', 'NONE');
#993 = EDGE_CURVE ( 'NONE', #1328, #1606, #2261, .T. ) ;
#994 =( NAMED_UNIT ( * ) PLANE_ANGLE_UNIT ( ) SI_UNIT ( $, .RADIAN. ) );
#995 = CARTESIAN_POINT ( 'NONE',  ( 0.000000000000000000, 0.000000000000000000, 2.250000000000000000 ) ) ;
#996 = COLOUR_RGB ( '',1.000000000000000000, 1.000000000000000000, 0.000000000000000000 ) ;
#997 = CARTESIAN_POINT ( 'NONE',  ( 1.780000000000001359, 3.299999999999999822, 0.7990000000000000435 ) ) ;
#998 = ORIENTED_EDGE ( 'NONE', *, *, #450, .F. ) ;
#999 = FACE_OUTER_BOUND ( 'NONE', #1820, .T. ) ;
#1000 = SURFACE_SIDE_STYLE ('',( #1846 ) ) ;
#1001 = FACE_OUTER_BOUND ( 'NONE', #1787, .T. ) ;
#1002 = ORIENTED_EDGE ( 'NONE', *, *, #1539, .F. ) ;
#1003 = DIRECTION ( 'NONE',  ( -1.000000000000000000, 0.000000000000000000, 0.000000000000000000 ) ) ;
#1004 = EDGE_CURVE ( 'NONE', #850, #2277, #2278, .T. ) ;
#1005 = DIRECTION ( 'NONE',  ( 0.000000000000000000, 0.000000000000000000, -1.000000000000000000 ) ) ;
#1006 = LINE ( 'NONE', #2275, #979 ) ;
#1007 =( GEOMETRIC_REPRESENTATION_CONTEXT ( 3 ) GLOBAL_UNCERTAINTY_ASSIGNED_CONTEXT ( ( #71 ) ) GLOBAL_UNIT_ASSIGNED_CONTEXT ( ( #1289, #1821, #1101 ) ) REPRESENTATION_CONTEXT ( 'NONE', 'WORKASPACE' ) );
#1008 = AXIS2_PLACEMENT_3D ( 'NONE', #1336, #276, #435 ) ;
#1009 = FACE_OUTER_BOUND ( 'NONE', #776, .T. ) ;
#1010 = SURFACE_SIDE_STYLE ('',( #1725 ) ) ;
#1011 = ORIENTED_EDGE ( 'NONE', *, *, #2088, .T. ) ;
#1012 = PRESENTATION_STYLE_ASSIGNMENT (( #1741 ) ) ;
#1013 = DIRECTION ( 'NONE',  ( 0.000000000000000000, -1.000000000000000000, 0.000000000000000000 ) ) ;
#1014 = CARTESIAN_POINT ( 'NONE',  ( -2.299999999999997158, 1.850000000000000533, 0.001000000000000000021 ) ) ;
#1015 = ORIENTED_EDGE ( 'NONE', *, *, #2189, .F. ) ;
#1016 = DIRECTION ( 'NONE',  ( -1.000000000000000000, 0.000000000000000000, 0.000000000000000000 ) ) ;
#1017 = DIRECTION ( 'NONE',  ( -1.000000000000000000, 0.000000000000000000, 0.000000000000000000 ) ) ;
#1018 = UNCERTAINTY_MEASURE_WITH_UNIT (LENGTH_MEASURE( 1.000000000000000082E-05 ), #621, 'distance_accuracy_value', 'NONE');
#1019 = SURFACE_SIDE_STYLE ('',( #169 ) ) ;
#1020 = AXIS2_PLACEMENT_3D ( 'NONE', #1246, #841, #2258 ) ;
#1021 = CARTESIAN_POINT ( 'NONE',  ( -2.849999999999999645, 3.490243377569956061E-16, 0.05000000000000012768 ) ) ;
#1022 =( NAMED_UNIT ( * ) PLANE_ANGLE_UNIT ( ) SI_UNIT ( $, .RADIAN. ) );
#1023 = VERTEX_POINT ( 'NONE', #1580 ) ;
#1024 = PLANE ( 'NONE',  #1239 ) ;
#1025 = DIRECTION ( 'NONE',  ( -0.000000000000000000, -0.000000000000000000, 1.000000000000000000 ) ) ;
#1026 = CARTESIAN_POINT ( 'NONE',  ( -2.500000000000000000, 0.000000000000000000, 0.5000000000000000000 ) ) ;
#1027 = ORIENTED_EDGE ( 'NONE', *, *, #764, .T. ) ;
#1028 = CYLINDRICAL_SURFACE ( 'NONE', #1644, 2.899999999999999911 ) ;
#1029 = EDGE_CURVE ( 'NONE', #1056, #1023, #7, .T. ) ;
#1030 = SURFACE_SIDE_STYLE ('',( #1409 ) ) ;
#1031 = DIRECTION ( 'NONE',  ( 1.000000000000000000, -0.000000000000000000, -0.000000000000000000 ) ) ;
#1032 = CARTESIAN_POINT ( 'NONE',  ( 3.100000000000000977, -3.399999999999999911, 0.8000000000000000444 ) ) ;
#1033 = SURFACE_STYLE_FILL_AREA ( #2253 ) ;
#1034 = VECTOR ( 'NONE', #421, 1000.000000000000000 ) ;
#1035 = ORIENTED_EDGE ( 'NONE', *, *, #491, .F. ) ;
#1036 = CIRCLE ( 'NONE', #558, 0.05000000000000012768 ) ;
#1037 = FACE_OUTER_BOUND ( 'NONE', #2114, .T. ) ;
#1038 =( NAMED_UNIT ( * ) PLANE_ANGLE_UNIT ( ) SI_UNIT ( $, .RADIAN. ) );
#1039 = DIRECTION ( 'NONE',  ( -0.000000000000000000, -1.000000000000000000, -0.000000000000000000 ) ) ;
#1040 = ORIENTED_EDGE ( 'NONE', *, *, #1468, .T. ) ;
#1041 = ADVANCED_FACE ( 'NONE', ( #131 ), #80, .F. ) ;
#1042 = DIRECTION ( 'NONE',  ( 0.000000000000000000, 0.000000000000000000, 1.000000000000000000 ) ) ;
#1043 = CARTESIAN_POINT ( 'NONE',  ( 0.4000000000000030198, 3.349999999999999645, 0.001000000000000000021 ) ) ;
#1044 = DIRECTION ( 'NONE',  ( -0.000000000000000000, -0.000000000000000000, -1.000000000000000000 ) ) ;
#1045 = VERTEX_POINT ( 'NONE', #598 ) ;
#1046 = VECTOR ( 'NONE', #703, 1000.000000000000000 ) ;
#1047 = VECTOR ( 'NONE', #1837, 1000.000000000000000 ) ;
#1048 = DIRECTION ( 'NONE',  ( -0.000000000000000000, -0.000000000000000000, -1.000000000000000000 ) ) ;
#1049 = ORIENTED_EDGE ( 'NONE', *, *, #1243, .F. ) ;
#1050 = EDGE_CURVE ( 'NONE', #1170, #881, #1325, .T. ) ;
#1051 = DIRECTION ( 'NONE',  ( 1.000000000000000000, 0.000000000000000000, 0.000000000000000000 ) ) ;
#1052 = CARTESIAN_POINT ( 'NONE',  ( 2.300000000000002043, -1.850000000000000089, 0.001000000000000000021 ) ) ;
#1053 = VECTOR ( 'NONE', #1992, 1000.000000000000000 ) ;
#1054 =( LENGTH_UNIT ( ) NAMED_UNIT ( * ) SI_UNIT ( .MILLI., .METRE. ) );
#1055 = SHAPE_DEFINITION_REPRESENTATION ( #568, #1713 ) ;
#1056 = VERTEX_POINT ( 'NONE', #1157 ) ;
#1057 = AXIS2_PLACEMENT_3D ( 'NONE', #1734, #661, #852 ) ;
#1058 = EDGE_CURVE ( 'NONE', #93, #472, #689, .T. ) ;
#1059 = DIRECTION ( 'NONE',  ( 0.000000000000000000, 0.000000000000000000, -1.000000000000000000 ) ) ;
#1060 = AXIS2_PLACEMENT_3D ( 'NONE', #1568, #1918, #2106 ) ;
#1061 = ORIENTED_EDGE ( 'NONE', *, *, #1065, .T. ) ;
#1062 = DIRECTION ( 'NONE',  ( 0.000000000000000000, 0.000000000000000000, 1.000000000000000000 ) ) ;
#1063 = ORIENTED_EDGE ( 'NONE', *, *, #786, .T. ) ;
#1064 = FILL_AREA_STYLE ('',( #504 ) ) ;
#1065 = EDGE_CURVE ( 'NONE', #2159, #1404, #243, .T. ) ;
#1066 = ORIENTED_EDGE ( 'NONE', *, *, #2099, .T. ) ;
#1067 = CARTESIAN_POINT ( 'NONE',  ( 1.500000000000003109, 3.349999999999999645, 0.000000000000000000 ) ) ;
#1068 = MECHANICAL_DESIGN_GEOMETRIC_PRESENTATION_REPRESENTATION (  '', ( #1254 ), #705 ) ;
#1069 = ORIENTED_EDGE ( 'NONE', *, *, #597, .T. ) ;
#1070 = COLOUR_RGB ( '',1.000000000000000000, 1.000000000000000000, 0.000000000000000000 ) ;
#1071 = LINE ( 'NONE', #198, #1681 ) ;
#1072 = ORIENTED_EDGE ( 'NONE', *, *, #1237, .T. ) ;
#1073 = PRESENTATION_STYLE_ASSIGNMENT (( #2116 ) ) ;
#1074 = ADVANCED_FACE ( 'NONE', ( #1646 ), #813, .F. ) ;
#1075 = COLOUR_RGB ( '',1.000000000000000000, 1.000000000000000000, 0.000000000000000000 ) ;
#1076 = PRODUCT_DEFINITION_SHAPE ( 'NONE', 'NONE',  #2290 ) ;
#1077 =( LENGTH_UNIT ( ) NAMED_UNIT ( * ) SI_UNIT ( .MILLI., .METRE. ) );
#1078 = APPLICATION_PROTOCOL_DEFINITION ( 'draft international standard', 'automotive_design', 1998, #663 ) ;
#1079 = ORIENTED_EDGE ( 'NONE', *, *, #2199, .F. ) ;
#1080 = DIRECTION ( 'NONE',  ( -0.000000000000000000, -0.000000000000000000, -1.000000000000000000 ) ) ;
#1081 = CARTESIAN_POINT ( 'NONE',  ( 1.500000000000002220, -3.350000000000000089, 0.001000000000000000021 ) ) ;
#1082 = ORIENTED_EDGE ( 'NONE', *, *, #314, .F. ) ;
#1083 = VECTOR ( 'NONE', #1003, 1000.000000000000000 ) ;
#1084 = VECTOR ( 'NONE', #1577, 1000.000000000000000 ) ;
#1085 =( NAMED_UNIT ( * ) PLANE_ANGLE_UNIT ( ) SI_UNIT ( $, .RADIAN. ) );
#1086 = VERTEX_POINT ( 'NONE', #610 ) ;
#1087 = CARTESIAN_POINT ( 'NONE',  ( 2.300000000000002043, -1.850000000000000089, 0.001000000000000000021 ) ) ;
#1088 = DIRECTION ( 'NONE',  ( -0.000000000000000000, -0.000000000000000000, -1.000000000000000000 ) ) ;
#1089 =( NAMED_UNIT ( * ) SI_UNIT ( $, .STERADIAN. ) SOLID_ANGLE_UNIT ( ) );
#1090 = DIRECTION ( 'NONE',  ( 1.000000000000000000, 0.000000000000000000, 0.000000000000000000 ) ) ;
#1091 = VERTEX_POINT ( 'NONE', #803 ) ;
#1092 = MECHANICAL_DESIGN_GEOMETRIC_PRESENTATION_REPRESENTATION (  '', ( #1893 ), #506 ) ;
#1093 = DIRECTION ( 'NONE',  ( 1.000000000000000000, -0.000000000000000000, -0.000000000000000000 ) ) ;
#1094 = DIRECTION ( 'NONE',  ( 0.000000000000000000, 0.000000000000000000, -1.000000000000000000 ) ) ;
#1095 = EDGE_LOOP ( 'NONE', ( #1190, #1061, #679, #199 ) ) ;
#1096 = AXIS2_PLACEMENT_3D ( 'NONE', #2039, #81, #1180 ) ;
#1097 = ADVANCED_FACE ( 'NONE', ( #1315 ), #631, .F. ) ;
#1098 = VECTOR ( 'NONE', #1804, 1000.000000000000000 ) ;
#1099 =( GEOMETRIC_REPRESENTATION_CONTEXT ( 3 ) GLOBAL_UNCERTAINTY_ASSIGNED_CONTEXT ( ( #741 ) ) GLOBAL_UNIT_ASSIGNED_CONTEXT ( ( #587, #1367, #1887 ) ) REPRESENTATION_CONTEXT ( 'NONE', 'WORKASPACE' ) );
#1100 = ORIENTED_EDGE ( 'NONE', *, *, #444, .F. ) ;
#1101 =( NAMED_UNIT ( * ) SI_UNIT ( $, .STERADIAN. ) SOLID_ANGLE_UNIT ( ) );
#1102 =( GEOMETRIC_REPRESENTATION_CONTEXT ( 3 ) GLOBAL_UNCERTAINTY_ASSIGNED_CONTEXT ( ( #235 ) ) GLOBAL_UNIT_ASSIGNED_CONTEXT ( ( #1462, #904, #2128 ) ) REPRESENTATION_CONTEXT ( 'NONE', 'WORKASPACE' ) );
#1103 =( NAMED_UNIT ( * ) PLANE_ANGLE_UNIT ( ) SI_UNIT ( $, .RADIAN. ) );
#1104 = SURFACE_STYLE_USAGE ( .BOTH. , #1778 ) ;
#1105 = DIRECTION ( 'NONE',  ( 1.000000000000000000, 0.000000000000000000, 0.000000000000000000 ) ) ;
#1106 = SURFACE_STYLE_FILL_AREA ( #1518 ) ;
#1107 = CARTESIAN_POINT ( 'NONE',  ( 2.300000000000002043, -1.850000000000000089, 0.001000000000000000021 ) ) ;
#1108 = PRESENTATION_STYLE_ASSIGNMENT (( #1978 ) ) ;
#1109 = ORIENTED_EDGE ( 'NONE', *, *, #2034, .F. ) ;
#1110 = ORIENTED_EDGE ( 'NONE', *, *, #2189, .T. ) ;
#1111 = PRESENTATION_LAYER_ASSIGNMENT (  '', '', ( #1254 ) ) ;
#1112 = FILL_AREA_STYLE ('',( #1830 ) ) ;
#1113 = UNCERTAINTY_MEASURE_WITH_UNIT (LENGTH_MEASURE( 1.000000000000000082E-05 ), #1545, 'distance_accuracy_value', 'NONE');
#1114 = DIRECTION ( 'NONE',  ( -1.000000000000000000, 0.000000000000000000, 0.000000000000000000 ) ) ;
#1115 = CONTEXT_DEPENDENT_SHAPE_REPRESENTATION ( #2250, #1076 ) ;
#1116 = FACE_OUTER_BOUND ( 'NONE', #368, .T. ) ;
#1117 = DIRECTION ( 'NONE',  ( -0.000000000000000000, -0.000000000000000000, -1.000000000000000000 ) ) ;
#1118 =( NAMED_UNIT ( * ) PLANE_ANGLE_UNIT ( ) SI_UNIT ( $, .RADIAN. ) );
#1119 = EDGE_CURVE ( 'NONE', #1606, #116, #1605, .T. ) ;
#1120 = ORIENTED_EDGE ( 'NONE', *, *, #1956, .T. ) ;
#1121 = SURFACE_SIDE_STYLE ('',( #2158 ) ) ;
#1122 = ORIENTED_EDGE ( 'NONE', *, *, #672, .F. ) ;
#1123 = MECHANICAL_DESIGN_GEOMETRIC_PRESENTATION_REPRESENTATION (  '', ( #1515 ), #1007 ) ;
#1124 = PRODUCT_RELATED_PRODUCT_CATEGORY ( 'part', '', ( #1745 ) ) ;
#1125 = PRESENTATION_LAYER_ASSIGNMENT (  '', '', ( #1516 ) ) ;
#1126 =( GEOMETRIC_REPRESENTATION_CONTEXT ( 3 ) GLOBAL_UNCERTAINTY_ASSIGNED_CONTEXT ( ( #1520 ) ) GLOBAL_UNIT_ASSIGNED_CONTEXT ( ( #2038, #2026, #91 ) ) REPRESENTATION_CONTEXT ( 'NONE', 'WORKASPACE' ) );
#1127 = DIRECTION ( 'NONE',  ( -0.000000000000000000, -0.000000000000000000, -1.000000000000000000 ) ) ;
#1128 = FILL_AREA_STYLE ('',( #1290 ) ) ;
#1129 = PLANE ( 'NONE',  #1424 ) ;
#1130 = DIRECTION ( 'NONE',  ( -3.907034855803619920E-16, 1.000000000000000000, 0.000000000000000000 ) ) ;
#1131 = EDGE_LOOP ( 'NONE', ( #1011, #222, #56, #2017 ) ) ;
#1132 = COLOUR_RGB ( '',1.000000000000000000, 1.000000000000000000, 0.000000000000000000 ) ;
#1133 = EDGE_CURVE ( 'NONE', #919, #600, #1395, .T. ) ;
#1134 = FACE_BOUND ( 'NONE', #1546, .T. ) ;
#1135 = ORIENTED_EDGE ( 'NONE', *, *, #378, .T. ) ;
#1136 = COLOUR_RGB ( '',1.000000000000000000, 1.000000000000000000, 0.000000000000000000 ) ;
#1137 = FILL_AREA_STYLE ('',( #2187 ) ) ;
#1138 =( GEOMETRIC_REPRESENTATION_CONTEXT ( 3 ) GLOBAL_UNCERTAINTY_ASSIGNED_CONTEXT ( ( #947 ) ) GLOBAL_UNIT_ASSIGNED_CONTEXT ( ( #2163, #1103, #1140 ) ) REPRESENTATION_CONTEXT ( 'NONE', 'WORKASPACE' ) );
#1139 = UNCERTAINTY_MEASURE_WITH_UNIT (LENGTH_MEASURE( 1.000000000000000082E-05 ), #1176, 'distance_accuracy_value', 'NONE');
#1140 =( NAMED_UNIT ( * ) SI_UNIT ( $, .STERADIAN. ) SOLID_ANGLE_UNIT ( ) );
#1141 = EDGE_CURVE ( 'NONE', #116, #1701, #29, .T. ) ;
#1142 = MECHANICAL_DESIGN_GEOMETRIC_PRESENTATION_REPRESENTATION (  '', ( #779 ), #436 ) ;
#1143 = DIRECTION ( 'NONE',  ( -0.000000000000000000, -0.000000000000000000, -1.000000000000000000 ) ) ;
#1144 = ORIENTED_EDGE ( 'NONE', *, *, #597, .F. ) ;
#1145 = FILL_AREA_STYLE ('',( #2025 ) ) ;
#1146 = PLANE ( 'NONE',  #1884 ) ;
#1147 = SURFACE_SIDE_STYLE ('',( #2234 ) ) ;
#1148 = EDGE_LOOP ( 'NONE', ( #684, #2028, #516, #1588 ) ) ;
#1149 = CARTESIAN_POINT ( 'NONE',  ( 3.000000000000001332, 3.299999999999999822, 0.8000000000000000444 ) ) ;
#1150 = CIRCLE ( 'NONE', #148, 2.299999999999999822 ) ;
#1151 = AXIS2_PLACEMENT_3D ( 'NONE', #1208, #155, #856 ) ;
#1152 = SURFACE_SIDE_STYLE ('',( #1322 ) ) ;
#1153 = FACE_OUTER_BOUND ( 'NONE', #1585, .T. ) ;
#1154 = ADVANCED_FACE ( 'NONE', ( #2265 ), #144, .F. ) ;
#1155 = FACE_OUTER_BOUND ( 'NONE', #900, .T. ) ;
#1156 =( NAMED_UNIT ( * ) PLANE_ANGLE_UNIT ( ) SI_UNIT ( $, .RADIAN. ) );
#1157 = CARTESIAN_POINT ( 'NONE',  ( 3.100000000000000533, 3.399999999999999911, 0.8000000000000000444 ) ) ;
#1158 = FILL_AREA_STYLE ('',( #446 ) ) ;
#1159 = DIRECTION ( 'NONE',  ( -1.000000000000000000, 2.891205793294680298E-16, 0.000000000000000000 ) ) ;
#1160 = ORIENTED_EDGE ( 'NONE', *, *, #469, .F. ) ;
#1161 =( LENGTH_UNIT ( ) NAMED_UNIT ( * ) SI_UNIT ( .MILLI., .METRE. ) );
#1162 = UNCERTAINTY_MEASURE_WITH_UNIT (LENGTH_MEASURE( 1.000000000000000082E-05 ), #345, 'distance_accuracy_value', 'NONE');
#1163 =( NAMED_UNIT ( * ) PLANE_ANGLE_UNIT ( ) SI_UNIT ( $, .RADIAN. ) );
#1164 = DIRECTION ( 'NONE',  ( 0.000000000000000000, 0.000000000000000000, 1.000000000000000000 ) ) ;
#1165 = SURFACE_STYLE_FILL_AREA ( #1348 ) ;
#1166 = EDGE_LOOP ( 'NONE', ( #2081, #671 ) ) ;
#1167 = PRESENTATION_STYLE_ASSIGNMENT (( #767 ) ) ;
#1168 = LINE ( 'NONE', #611, #2037 ) ;
#1169 = AXIS2_PLACEMENT_3D ( 'NONE', #2195, #1677, #104 ) ;
#1170 = VERTEX_POINT ( 'NONE', #656 ) ;
#1171 = CARTESIAN_POINT ( 'NONE',  ( 3.000000000000001332, 3.299999999999999822, 0.7990000000000000435 ) ) ;
#1172 = SURFACE_STYLE_USAGE ( .BOTH. , #1308 ) ;
#1173 = MECHANICAL_DESIGN_GEOMETRIC_PRESENTATION_REPRESENTATION (  '', ( #1976 ), #179 ) ;
#1174 = EDGE_CURVE ( 'NONE', #301, #1086, #540, .T. ) ;
#1175 = FILL_AREA_STYLE_COLOUR ( '', #1872 ) ;
#1176 =( LENGTH_UNIT ( ) NAMED_UNIT ( * ) SI_UNIT ( .MILLI., .METRE. ) );
#1177 = EDGE_LOOP ( 'NONE', ( #1428, #217, #954, #2193 ) ) ;
#1178 = DIRECTION ( 'NONE',  ( 1.000000000000000000, 0.000000000000000000, 0.000000000000000000 ) ) ;
#1179 = FACE_OUTER_BOUND ( 'NONE', #2207, .T. ) ;
#1180 = DIRECTION ( 'NONE',  ( -1.000000000000000000, 0.000000000000000000, 0.000000000000000000 ) ) ;
#1181 = EDGE_LOOP ( 'NONE', ( #909, #383, #522, #245 ) ) ;
#1182 = ADVANCED_FACE ( 'NONE', ( #999 ), #497, .F. ) ;
#1183 = DIRECTION ( 'NONE',  ( -0.000000000000000000, -0.000000000000000000, -1.000000000000000000 ) ) ;
#1184 = DIRECTION ( 'NONE',  ( 0.000000000000000000, 0.000000000000000000, 1.000000000000000000 ) ) ;
#1185 = VECTOR ( 'NONE', #834, 1000.000000000000000 ) ;
#1186 = ORIENTED_EDGE ( 'NONE', *, *, #1842, .T. ) ;
#1187 = DIRECTION ( 'NONE',  ( 1.000000000000000000, -2.891205793294679312E-16, 0.000000000000000000 ) ) ;
#1188 = DIRECTION ( 'NONE',  ( -1.275531967630005245E-16, 1.000000000000000000, -0.000000000000000000 ) ) ;
#1189 = DIRECTION ( 'NONE',  ( 1.000000000000000000, 0.000000000000000000, 0.000000000000000000 ) ) ;
#1190 = ORIENTED_EDGE ( 'NONE', *, *, #1294, .T. ) ;
#1191 = CARTESIAN_POINT ( 'NONE',  ( 3.000000000000001332, 3.299999999999999822, 0.8000000000000000444 ) ) ;
#1192 = CARTESIAN_POINT ( 'NONE',  ( 1.880000000000001226, 1.280000000000000249, 0.01000000000000000021 ) ) ;
#1193 = CARTESIAN_POINT ( 'NONE',  ( -2.849999999999999645, 3.490243377569956061E-16, 2.250000000000000000 ) ) ;
#1194 = AXIS2_PLACEMENT_3D ( 'NONE', #358, #1059, #683 ) ;
#1195 = LINE ( 'NONE', #699, #440 ) ;
#1196 = EDGE_LOOP ( 'NONE', ( #1440, #1910, #734, #1549 ) ) ;
#1197 = FACE_BOUND ( 'NONE', #1452, .T. ) ;
#1198 = CARTESIAN_POINT ( 'NONE',  ( -2.849999999999999645, 3.520859547548640440E-16, 0.000000000000000000 ) ) ;
#1199 = LINE ( 'NONE', #2102, #1084 ) ;
#1200 = VERTEX_POINT ( 'NONE', #322 ) ;
#1201 = ADVANCED_FACE ( 'NONE', ( #1037, #1197 ), #1024, .T. ) ;
#1202 = PRESENTATION_LAYER_ASSIGNMENT (  '', '', ( #1758 ) ) ;
#1203 = FILL_AREA_STYLE_COLOUR ( '', #1136 ) ;
#1204 = SURFACE_SIDE_STYLE ('',( #2273 ) ) ;
#1205 = SURFACE_STYLE_FILL_AREA ( #1064 ) ;
#1206 = VECTOR ( 'NONE', #715, 1000.000000000000000 ) ;
#1207 = STYLED_ITEM ( 'NONE', ( #853 ), #1405 ) ;
#1208 = CARTESIAN_POINT ( 'NONE',  ( 1.880000000000001226, 1.280000000000000249, 0.000000000000000000 ) ) ;
#1209 =( NAMED_UNIT ( * ) SI_UNIT ( $, .STERADIAN. ) SOLID_ANGLE_UNIT ( ) );
#1210 =( NAMED_UNIT ( * ) SI_UNIT ( $, .STERADIAN. ) SOLID_ANGLE_UNIT ( ) );
#1211 = SURFACE_STYLE_FILL_AREA ( #510 ) ;
#1212 = PRESENTATION_STYLE_ASSIGNMENT (( #872 ) ) ;
#1213 = ORIENTED_EDGE ( 'NONE', *, *, #738, .T. ) ;
#1214 = CARTESIAN_POINT ( 'NONE',  ( 3.000000000000001332, 3.299999999999999822, 0.7990000000000000435 ) ) ;
#1215 =( NAMED_UNIT ( * ) PLANE_ANGLE_UNIT ( ) SI_UNIT ( $, .RADIAN. ) );
#1216 = LINE ( 'NONE', #343, #1388 ) ;
#1217 = CARTESIAN_POINT ( 'NONE',  ( 2.500000000000000000, 3.061616997868383141E-16, 0.000000000000000000 ) ) ;
#1218 = MECHANICAL_DESIGN_GEOMETRIC_PRESENTATION_REPRESENTATION (  '', ( #593 ), #883 ) ;
#1219 = EDGE_CURVE ( 'NONE', #891, #1948, #84, .T. ) ;
#1220 = VERTEX_POINT ( 'NONE', #1811 ) ;
#1221 = CARTESIAN_POINT ( 'NONE',  ( 1.500000000000002220, -1.850000000000000089, -0.000000000000000000 ) ) ;
#1222 = DIRECTION ( 'NONE',  ( 2.891205793294679312E-16, 1.000000000000000000, 0.000000000000000000 ) ) ;
#1223 = ORIENTED_EDGE ( 'NONE', *, *, #2043, .F. ) ;
#1224 = CARTESIAN_POINT ( 'NONE',  ( -2.299999999999999822, 0.000000000000000000, 0.5000000000000000000 ) ) ;
#1225 = PRODUCT_DEFINITION_SHAPE ( 'NONE', 'NONE',  #361 ) ;
#1226 = DIRECTION ( 'NONE',  ( -1.000000000000000000, 1.224646799147353207E-16, 0.000000000000000000 ) ) ;
#1227 = STYLED_ITEM ( 'NONE', ( #261 ), #2213 ) ;
#1228 = EDGE_CURVE ( 'NONE', #1744, #654, #934, .T. ) ;
#1229 = PLANE ( 'NONE',  #845 ) ;
#1230 = ORIENTED_EDGE ( 'NONE', *, *, #233, .F. ) ;
#1231 = AXIS2_PLACEMENT_3D ( 'NONE', #137, #839, #1537 ) ;
#1232 = MECHANICAL_DESIGN_GEOMETRIC_PRESENTATION_REPRESENTATION (  '', ( #16 ), #419 ) ;
#1233 = FILL_AREA_STYLE_COLOUR ( '', #1597 ) ;
#1234 = ORIENTED_EDGE ( 'NONE', *, *, #207, .T. ) ;
#1235 = CARTESIAN_POINT ( 'NONE',  ( -3.099999999999998757, -3.399999999999999911, 0.8000000000000000444 ) ) ;
#1236 = ORIENTED_EDGE ( 'NONE', *, *, #1501, .T. ) ;
#1237 = EDGE_CURVE ( 'NONE', #1692, #704, #1638, .T. ) ;
#1238 =( LENGTH_UNIT ( ) NAMED_UNIT ( * ) SI_UNIT ( .MILLI., .METRE. ) );
#1239 = AXIS2_PLACEMENT_3D ( 'NONE', #1877, #1469, #1957 ) ;
#1240 = LINE ( 'NONE', #1932, #739 ) ;
#1241 = APPLICATION_PROTOCOL_DEFINITION ( 'draft international standard', 'automotive_design', 1998, #1723 ) ;
#1242 = ORIENTED_EDGE ( 'NONE', *, *, #1914, .T. ) ;
#1243 = EDGE_CURVE ( 'NONE', #337, #2041, #396, .T. ) ;
#1244 = AXIS2_PLACEMENT_3D ( 'NONE', #688, #1390, #168 ) ;
#1245 = ORIENTED_EDGE ( 'NONE', *, *, #1321, .T. ) ;
#1246 = CARTESIAN_POINT ( 'NONE',  ( -1.499999999999997780, -3.350000000000000089, 0.001000000000000000021 ) ) ;
#1247 = ORIENTED_EDGE ( 'NONE', *, *, #1829, .F. ) ;
#1248 = ADVANCED_FACE ( 'NONE', ( #61 ), #214, .F. ) ;
#1249 = DIRECTION ( 'NONE',  ( -0.000000000000000000, -1.000000000000000000, -0.000000000000000000 ) ) ;
#1250 = CARTESIAN_POINT ( 'NONE',  ( 0.4000000000000025757, 1.850000000000000089, 0.000000000000000000 ) ) ;
#1251 = CARTESIAN_POINT ( 'NONE',  ( -2.899999999999999911, 0.000000000000000000, 2.250000000000000000 ) ) ;
#1252 = DIRECTION ( 'NONE',  ( 0.000000000000000000, 0.000000000000000000, 1.000000000000000000 ) ) ;
#1253 = ORIENTED_EDGE ( 'NONE', *, *, #864, .F. ) ;
#1254 = STYLED_ITEM ( 'NONE', ( #1498 ), #687 ) ;
#1255 = DIRECTION ( 'NONE',  ( 0.000000000000000000, 1.000000000000000000, 0.000000000000000000 ) ) ;
#1256 = EDGE_LOOP ( 'NONE', ( #1434, #2184, #2133, #377 ) ) ;
#1257 = EDGE_CURVE ( 'NONE', #961, #2011, #914, .T. ) ;
#1258 = LINE ( 'NONE', #2027, #135 ) ;
#1259 = ORIENTED_EDGE ( 'NONE', *, *, #1482, .T. ) ;
#1260 = MECHANICAL_DESIGN_GEOMETRIC_PRESENTATION_REPRESENTATION (  '', ( #1227 ), #45 ) ;
#1261 = PRODUCT ( '6862I\X2\4ea754c1\X0\', '6862I\X2\4ea754c1\X0\', '', ( #370 ) ) ;
#1262 = DIRECTION ( 'NONE',  ( 0.000000000000000000, 1.000000000000000000, -0.000000000000000000 ) ) ;
#1263 =( LENGTH_UNIT ( ) NAMED_UNIT ( * ) SI_UNIT ( .MILLI., .METRE. ) );
#1264 = ORIENTED_EDGE ( 'NONE', *, *, #620, .T. ) ;
#1265 = LINE ( 'NONE', #32, #1907 ) ;
#1266 = SURFACE_STYLE_USAGE ( .BOTH. , #565 ) ;
#1267 = ORIENTED_EDGE ( 'NONE', *, *, #269, .F. ) ;
#1268 = PRESENTATION_LAYER_ASSIGNMENT (  '', '', ( #2269 ) ) ;
#1269 =( GEOMETRIC_REPRESENTATION_CONTEXT ( 3 ) GLOBAL_UNCERTAINTY_ASSIGNED_CONTEXT ( ( #1496 ) ) GLOBAL_UNIT_ASSIGNED_CONTEXT ( ( #1929, #369, #1402 ) ) REPRESENTATION_CONTEXT ( 'NONE', 'WORKASPACE' ) );
#1270 = VECTOR ( 'NONE', #2131, 1000.000000000000000 ) ;
#1271 = FILL_AREA_STYLE_COLOUR ( '', #1930 ) ;
#1272 = VERTEX_POINT ( 'NONE', #762 ) ;
#1273 = ADVANCED_FACE ( 'NONE', ( #237 ), #72, .T. ) ;
#1274 = ADVANCED_FACE ( 'NONE', ( #1613 ), #2150, .T. ) ;
#1275 = LINE ( 'NONE', #1968, #1594 ) ;
#1276 = UNCERTAINTY_MEASURE_WITH_UNIT (LENGTH_MEASURE( 1.000000000000000082E-05 ), #686, 'distance_accuracy_value', 'NONE');
#1277 = CARTESIAN_POINT ( 'NONE',  ( -1.499999999999997335, 1.850000000000000089, 0.001000000000000000021 ) ) ;
#1278 = VECTOR ( 'NONE', #838, 1000.000000000000000 ) ;
#1279 = DIRECTION ( 'NONE',  ( 1.000000000000000000, 0.000000000000000000, 0.000000000000000000 ) ) ;
#1280 = CARTESIAN_POINT ( 'NONE',  ( -0.3999999999999973577, 1.850000000000000533, 0.001000000000000000021 ) ) ;
#1281 = ADVANCED_FACE ( 'NONE', ( #1831 ), #575, .T. ) ;
#1282 = SURFACE_STYLE_FILL_AREA ( #733 ) ;
#1283 = ORIENTED_EDGE ( 'NONE', *, *, #709, .F. ) ;
#1284 = COLOUR_RGB ( '',1.000000000000000000, 1.000000000000000000, 0.000000000000000000 ) ;
#1285 = PRESENTATION_LAYER_ASSIGNMENT (  '', '', ( #288 ) ) ;
#1286 = FACE_BOUND ( 'NONE', #1770, .T. ) ;
#1287 = PRESENTATION_LAYER_ASSIGNMENT (  '', '', ( #1976 ) ) ;
#1288 = ORIENTED_EDGE ( 'NONE', *, *, #1842, .F. ) ;
#1289 =( LENGTH_UNIT ( ) NAMED_UNIT ( * ) SI_UNIT ( .MILLI., .METRE. ) );
#1290 = FILL_AREA_STYLE_COLOUR ( '', #1441 ) ;
#1291 = APPLICATION_PROTOCOL_DEFINITION ( 'draft international standard', 'automotive_design', 1998, #1299 ) ;
#1292 = LINE ( 'NONE', #475, #586 ) ;
#1293 = DIRECTION ( 'NONE',  ( -0.000000000000000000, -0.000000000000000000, -1.000000000000000000 ) ) ;
#1294 = EDGE_CURVE ( 'NONE', #188, #2159, #1521, .T. ) ;
#1295 = DIRECTION ( 'NONE',  ( 0.000000000000000000, -0.000000000000000000, 1.000000000000000000 ) ) ;
#1296 = CARTESIAN_POINT ( 'NONE',  ( 1.780000000000001359, 3.299999999999999822, 0.7990000000000000435 ) ) ;
#1297 = ORIENTED_EDGE ( 'NONE', *, *, #1592, .F. ) ;
#1298 =( GEOMETRIC_REPRESENTATION_CONTEXT ( 3 ) GLOBAL_UNCERTAINTY_ASSIGNED_CONTEXT ( ( #2251 ) ) GLOBAL_UNIT_ASSIGNED_CONTEXT ( ( #1642, #564, #1631 ) ) REPRESENTATION_CONTEXT ( 'NONE', 'WORKASPACE' ) );
#1299 = APPLICATION_CONTEXT ( 'automotive_design' ) ;
#1300 = FILL_AREA_STYLE_COLOUR ( '', #1672 ) ;
#1301 = DIRECTION ( 'NONE',  ( 0.000000000000000000, 0.000000000000000000, 1.000000000000000000 ) ) ;
#1302 = PLANE ( 'NONE',  #268 ) ;
#1303 = ORIENTED_EDGE ( 'NONE', *, *, #1237, .F. ) ;
#1304 = CARTESIAN_POINT ( 'NONE',  ( 2.300000000000002931, 3.349999999999999645, 0.000000000000000000 ) ) ;
#1305 = ORIENTED_EDGE ( 'NONE', *, *, #552, .F. ) ;
#1306 = VECTOR ( 'NONE', #499, 1000.000000000000000 ) ;
#1307 = AXIS2_PLACEMENT_3D ( 'NONE', #1755, #1576, #1373 ) ;
#1308 = SURFACE_SIDE_STYLE ('',( #97 ) ) ;
#1309 = DIRECTION ( 'NONE',  ( 0.000000000000000000, -0.000000000000000000, -1.000000000000000000 ) ) ;
#1310 = EDGE_CURVE ( 'NONE', #2277, #1609, #1682, .T. ) ;
#1311 = FILL_AREA_STYLE_COLOUR ( '', #1445 ) ;
#1312 = ADVANCED_FACE ( 'NONE', ( #317 ), #141, .F. ) ;
#1313 = ORIENTED_EDGE ( 'NONE', *, *, #1050, .F. ) ;
#1314 = TOROIDAL_SURFACE ( 'NONE', #906, 2.849999999999999645, 0.05000000000000000278 ) ;
#1315 = FACE_OUTER_BOUND ( 'NONE', #232, .T. ) ;
#1316 = SURFACE_STYLE_USAGE ( .BOTH. , #976 ) ;
#1317 = DIRECTION ( 'NONE',  ( -1.000000000000000000, 0.000000000000000000, 0.000000000000000000 ) ) ;
#1318 = VERTEX_POINT ( 'NONE', #662 ) ;
#1319 =( GEOMETRIC_REPRESENTATION_CONTEXT ( 3 ) GLOBAL_UNCERTAINTY_ASSIGNED_CONTEXT ( ( #1803 ) ) GLOBAL_UNIT_ASSIGNED_CONTEXT ( ( #24, #1085, #208 ) ) REPRESENTATION_CONTEXT ( 'NONE', 'WORKASPACE' ) );
#1320 = SURFACE_STYLE_FILL_AREA ( #108 ) ;
#1321 = EDGE_CURVE ( 'NONE', #555, #1763, #842, .T. ) ;
#1322 = SURFACE_STYLE_FILL_AREA ( #616 ) ;
#1323 = SURFACE_SIDE_STYLE ('',( #465 ) ) ;
#1324 = EDGE_LOOP ( 'NONE', ( #1979, #1049, #1718, #1245 ) ) ;
#1325 = LINE ( 'NONE', #777, #1788 ) ;
#1326 = CARTESIAN_POINT ( 'NONE',  ( 3.100000000000000533, 3.399999999999999911, 0.8000000000000000444 ) ) ;
#1327 = CARTESIAN_POINT ( 'NONE',  ( -2.299999999999997602, -3.350000000000000089, 0.001000000000000000021 ) ) ;
#1328 = VERTEX_POINT ( 'NONE', #981 ) ;
#1329 = ADVANCED_FACE ( 'NONE', ( #476 ), #282, .F. ) ;
#1330 = SURFACE_SIDE_STYLE ('',( #781 ) ) ;
#1331 = VECTOR ( 'NONE', #1130, 1000.000000000000000 ) ;
#1332 = CARTESIAN_POINT ( 'NONE',  ( 0.000000000000000000, 0.000000000000000000, 0.05000000000000012768 ) ) ;
#1333 = CARTESIAN_POINT ( 'NONE',  ( 2.300000000000002931, 3.349999999999999645, 0.001000000000000000021 ) ) ;
#1334 = ORIENTED_EDGE ( 'NONE', *, *, #2074, .T. ) ;
#1335 = DIRECTION ( 'NONE',  ( -1.000000000000000000, 0.000000000000000000, 0.000000000000000000 ) ) ;
#1336 = CARTESIAN_POINT ( 'NONE',  ( 0.000000000000000000, 0.000000000000000000, 2.299999999999999822 ) ) ;
#1337 =( LENGTH_UNIT ( ) NAMED_UNIT ( * ) SI_UNIT ( .MILLI., .METRE. ) );
#1338 =( GEOMETRIC_REPRESENTATION_CONTEXT ( 3 ) GLOBAL_UNCERTAINTY_ASSIGNED_CONTEXT ( ( #1162 ) ) GLOBAL_UNIT_ASSIGNED_CONTEXT ( ( #345, #1022, #331 ) ) REPRESENTATION_CONTEXT ( 'NONE', 'WORKASPACE' ) );
#1339 = ORIENTED_EDGE ( 'NONE', *, *, #223, .T. ) ;
#1340 = AXIS2_PLACEMENT_3D ( 'NONE', #224, #405, #1456 ) ;
#1341 = COLOUR_RGB ( '',1.000000000000000000, 1.000000000000000000, 0.000000000000000000 ) ;
#1342 = CARTESIAN_POINT ( 'NONE',  ( -1.499999999999997780, -3.350000000000000089, 0.000000000000000000 ) ) ;
#1343 = AXIS2_PLACEMENT_3D ( 'NONE', #1742, #196, #892 ) ;
#1344 = UNCERTAINTY_MEASURE_WITH_UNIT (LENGTH_MEASURE( 1.000000000000000082E-05 ), #1161, 'distance_accuracy_value', 'NONE');
#1345 = CARTESIAN_POINT ( 'NONE',  ( 0.000000000000000000, 0.000000000000000000, 2.299999999999999822 ) ) ;
#1346 = CARTESIAN_POINT ( 'NONE',  ( -2.299999999999996714, 3.349999999999999645, 0.001000000000000000021 ) ) ;
#1347 = CARTESIAN_POINT ( 'NONE',  ( -1.499999999999996891, 3.349999999999999645, 0.001000000000000000021 ) ) ;
#1348 = FILL_AREA_STYLE ('',( #1311 ) ) ;
#1349 = SURFACE_SIDE_STYLE ('',( #470 ) ) ;
#1350 = LINE ( 'NONE', #2050, #641 ) ;
#1351 = FILL_AREA_STYLE_COLOUR ( '', #2192 ) ;
#1352 =( GEOMETRIC_REPRESENTATION_CONTEXT ( 3 ) GLOBAL_UNCERTAINTY_ASSIGNED_CONTEXT ( ( #1018 ) ) GLOBAL_UNIT_ASSIGNED_CONTEXT ( ( #621, #2014, #424 ) ) REPRESENTATION_CONTEXT ( 'NONE', 'WORKASPACE' ) );
#1353 = EDGE_LOOP ( 'NONE', ( #42, #840, #1035, #591 ) ) ;
#1354 = DIRECTION ( 'NONE',  ( 1.000000000000000000, 0.000000000000000000, -0.000000000000000000 ) ) ;
#1355 = CARTESIAN_POINT ( 'NONE',  ( -3.099999999999998757, -3.399999999999999911, 0.8000000000000000444 ) ) ;
#1356 = CARTESIAN_POINT ( 'NONE',  ( 0.4000000000000021316, -1.850000000000000089, 0.001000000000000000021 ) ) ;
#1357 = SURFACE_STYLE_USAGE ( .BOTH. , #1019 ) ;
#1358 = COLOUR_RGB ( '',1.000000000000000000, 1.000000000000000000, 0.000000000000000000 ) ;
#1359 = EDGE_CURVE ( 'NONE', #1045, #1455, #1591, .T. ) ;
#1360 = CARTESIAN_POINT ( 'NONE',  ( 2.849999999999999645, 0.000000000000000000, 0.000000000000000000 ) ) ;
#1361 = DIRECTION ( 'NONE',  ( 1.000000000000000000, 0.000000000000000000, 0.000000000000000000 ) ) ;
#1362 = CARTESIAN_POINT ( 'NONE',  ( -2.299999999999997602, -1.850000000000000089, 0.001000000000000000021 ) ) ;
#1363 = DIRECTION ( 'NONE',  ( 0.000000000000000000, 0.000000000000000000, 1.000000000000000000 ) ) ;
#1364 = ORIENTED_EDGE ( 'NONE', *, *, #1926, .F. ) ;
#1365 = FACE_OUTER_BOUND ( 'NONE', #1095, .T. ) ;
#1366 = CARTESIAN_POINT ( 'NONE',  ( 1.500000000000002220, -1.850000000000000089, 0.001000000000000000021 ) ) ;
#1367 =( NAMED_UNIT ( * ) PLANE_ANGLE_UNIT ( ) SI_UNIT ( $, .RADIAN. ) );
#1368 = LINE ( 'NONE', #1052, #98 ) ;
#1369 = AXIS2_PLACEMENT_3D ( 'NONE', #227, #719, #1422 ) ;
#1370 = DIRECTION ( 'NONE',  ( 1.000000000000000000, 0.000000000000000000, -0.000000000000000000 ) ) ;
#1371 = EDGE_CURVE ( 'NONE', #519, #2124, #1579, .T. ) ;
#1372 = ORIENTED_EDGE ( 'NONE', *, *, #2012, .T. ) ;
#1373 = DIRECTION ( 'NONE',  ( -1.000000000000000000, 0.000000000000000000, 0.000000000000000000 ) ) ;
#1374 = ORIENTED_EDGE ( 'NONE', *, *, #1550, .F. ) ;
#1375 = MECHANICAL_DESIGN_GEOMETRIC_PRESENTATION_REPRESENTATION (  '', ( #1746 ), #1338 ) ;
#1376 = CARTESIAN_POINT ( 'NONE',  ( -1.499999999999997780, -3.350000000000000089, 0.001000000000000000021 ) ) ;
#1377 = ADVANCED_FACE ( 'NONE', ( #2260, #1777 ), #1378, .F. ) ;
#1378 = PLANE ( 'NONE',  #1060 ) ;
#1379 = PRESENTATION_LAYER_ASSIGNMENT (  '', '', ( #200 ) ) ;
#1380 =( NAMED_UNIT ( * ) SI_UNIT ( $, .STERADIAN. ) SOLID_ANGLE_UNIT ( ) );
#1381 = ORIENTED_EDGE ( 'NONE', *, *, #817, .T. ) ;
#1382 = DIRECTION ( 'NONE',  ( -0.000000000000000000, -0.000000000000000000, -1.000000000000000000 ) ) ;
#1383 =( LENGTH_UNIT ( ) NAMED_UNIT ( * ) SI_UNIT ( .MILLI., .METRE. ) );
#1384 = ORIENTED_EDGE ( 'NONE', *, *, #1989, .T. ) ;
#1385 = AXIS2_PLACEMENT_3D ( 'NONE', #986, #290, #1178 ) ;
#1386 = SURFACE_STYLE_FILL_AREA ( #685 ) ;
#1387 = DIRECTION ( 'NONE',  ( 1.275531967630005245E-16, -1.000000000000000000, 0.000000000000000000 ) ) ;
#1388 = VECTOR ( 'NONE', #1044, 1000.000000000000000 ) ;
#1389 = EDGE_CURVE ( 'NONE', #634, #365, #946, .T. ) ;
#1390 = DIRECTION ( 'NONE',  ( -0.000000000000000000, -0.000000000000000000, -1.000000000000000000 ) ) ;
#1391 = DIRECTION ( 'NONE',  ( 0.000000000000000000, 0.000000000000000000, 1.000000000000000000 ) ) ;
#1392 = VECTOR ( 'NONE', #673, 1000.000000000000000 ) ;
#1393 = AXIS2_PLACEMENT_3D ( 'NONE', #594, #2004, #431 ) ;
#1394 = ORIENTED_EDGE ( 'NONE', *, *, #1174, .T. ) ;
#1395 = LINE ( 'NONE', #123, #1490 ) ;
#1396 = CARTESIAN_POINT ( 'NONE',  ( 3.100000000000000977, -3.399999999999999911, 0.8000000000000000444 ) ) ;
#1397 = CARTESIAN_POINT ( 'NONE',  ( 2.080000000000000959, 1.280000000000000249, 0.01000000000000000021 ) ) ;
#1398 = ORIENTED_EDGE ( 'NONE', *, *, #1522, .F. ) ;
#1399 = LINE ( 'NONE', #2113, #60 ) ;
#1400 = ORIENTED_EDGE ( 'NONE', *, *, #628, .F. ) ;
#1401 = EDGE_CURVE ( 'NONE', #710, #2100, #250, .T. ) ;
#1402 =( NAMED_UNIT ( * ) SI_UNIT ( $, .STERADIAN. ) SOLID_ANGLE_UNIT ( ) );
#1403 = CARTESIAN_POINT ( 'NONE',  ( -3.799999999999999822, 0.000000000000000000, 0.001000000000000000021 ) ) ;
#1404 = VERTEX_POINT ( 'NONE', #180 ) ;
#1405 = ADVANCED_FACE ( 'NONE', ( #676 ), #548, .F. ) ;
#1406 = SURFACE_STYLE_FILL_AREA ( #511 ) ;
#1407 = ORIENTED_EDGE ( 'NONE', *, *, #4, .T. ) ;
#1408 = PLANE ( 'NONE',  #544 ) ;
#1409 = SURFACE_STYLE_FILL_AREA ( #901 ) ;
#1410 = LINE ( 'NONE', #1711, #1185 ) ;
#1411 = APPLICATION_CONTEXT ( 'automotive_design' ) ;
#1412 = VECTOR ( 'NONE', #967, 1000.000000000000000 ) ;
#1413 = ORIENTED_EDGE ( 'NONE', *, *, #2089, .F. ) ;
#1414 = COLOUR_RGB ( '',1.000000000000000000, 1.000000000000000000, 0.000000000000000000 ) ;
#1415 = COLOUR_RGB ( '',1.000000000000000000, 1.000000000000000000, 0.000000000000000000 ) ;
#1416 = ADVANCED_FACE ( 'NONE', ( #14 ), #717, .F. ) ;
#1417 = PLANE ( 'NONE',  #2147 ) ;
#1418 = ORIENTED_EDGE ( 'NONE', *, *, #39, .T. ) ;
#1419 = DIRECTION ( 'NONE',  ( 1.000000000000000000, 0.000000000000000000, -0.000000000000000000 ) ) ;
#1420 = ORIENTED_EDGE ( 'NONE', *, *, #2074, .F. ) ;
#1421 = AXIS2_PLACEMENT_3D ( 'NONE', #1193, #698, #1226 ) ;
#1422 = DIRECTION ( 'NONE',  ( -2.891205793294680298E-16, -1.000000000000000000, 0.000000000000000000 ) ) ;
#1423 = ORIENTED_EDGE ( 'NONE', *, *, #709, .T. ) ;
#1424 = AXIS2_PLACEMENT_3D ( 'NONE', #1355, #588, #1813 ) ;
#1425 = LINE ( 'NONE', #372, #957 ) ;
#1426 = CARTESIAN_POINT ( 'NONE',  ( 2.300000000000002487, 1.850000000000000089, 0.001000000000000000021 ) ) ;
#1427 = VECTOR ( 'NONE', #2058, 1000.000000000000000 ) ;
#1428 = ORIENTED_EDGE ( 'NONE', *, *, #202, .F. ) ;
#1429 = DIRECTION ( 'NONE',  ( 1.000000000000000000, 0.000000000000000000, 0.000000000000000000 ) ) ;
#1430 = EDGE_LOOP ( 'NONE', ( #19, #438, #2, #757 ) ) ;
#1431 = CARTESIAN_POINT ( 'NONE',  ( -1.499999999999997780, -3.350000000000000089, 0.001000000000000000021 ) ) ;
#1432 = FILL_AREA_STYLE ('',( #2138 ) ) ;
#1433 = CARTESIAN_POINT ( 'NONE',  ( -3.099999999999999645, 3.399999999999999911, 0.8000000000000000444 ) ) ;
#1434 = ORIENTED_EDGE ( 'NONE', *, *, #162, .F. ) ;
#1435 = MANIFOLD_SOLID_BREP ( 'ÇÐ³ý-À­Éì4', #694 ) ;
#1436 = EDGE_CURVE ( 'NONE', #2023, #566, #1982, .T. ) ;
#1437 = CARTESIAN_POINT ( 'NONE',  ( 2.300000000000002043, -1.850000000000000089, -0.000000000000000000 ) ) ;
#1438 = TOROIDAL_SURFACE ( 'NONE', #2105, 2.849999999999999645, 0.05000000000000000278 ) ;
#1439 = DIRECTION ( 'NONE',  ( 1.000000000000000000, -5.421010862427523156E-16, 0.000000000000000000 ) ) ;
#1440 = ORIENTED_EDGE ( 'NONE', *, *, #1522, .T. ) ;
#1441 = COLOUR_RGB ( '',1.000000000000000000, 1.000000000000000000, 0.000000000000000000 ) ;
#1442 = ORIENTED_EDGE ( 'NONE', *, *, #1989, .F. ) ;
#1443 = DIRECTION ( 'NONE',  ( 1.000000000000000000, -0.000000000000000000, -0.000000000000000000 ) ) ;
#1444 = ADVANCED_FACE ( 'NONE', ( #58 ), #428, .F. ) ;
#1445 = COLOUR_RGB ( '',1.000000000000000000, 1.000000000000000000, 0.000000000000000000 ) ;
#1446 = LINE ( 'NONE', #923, #442 ) ;
#1447 = DIRECTION ( 'NONE',  ( 1.000000000000000000, 0.000000000000000000, 0.000000000000000000 ) ) ;
#1448 = ORIENTED_EDGE ( 'NONE', *, *, #1004, .F. ) ;
#1449 = LINE ( 'NONE', #589, #297 ) ;
#1450 = SURFACE_STYLE_FILL_AREA ( #1784 ) ;
#1451 = VECTOR ( 'NONE', #530, 1000.000000000000000 ) ;
#1452 = EDGE_LOOP ( 'NONE', ( #1223, #1503 ) ) ;
#1453 = VECTOR ( 'NONE', #1382, 1000.000000000000000 ) ;
#1454 = STYLED_ITEM ( 'NONE', ( #1212 ), #1935 ) ;
#1455 = VERTEX_POINT ( 'NONE', #759 ) ;
#1456 = DIRECTION ( 'NONE',  ( -1.275531967630005245E-16, 1.000000000000000000, 0.000000000000000000 ) ) ;
#1457 =( REPRESENTATION_RELATIONSHIP ('NONE','NONE', #1713, #203 ) REPRESENTATION_RELATIONSHIP_WITH_TRANSFORMATION ( #1933 )SHAPE_REPRESENTATION_RELATIONSHIP( ) );
#1458 = ADVANCED_FACE ( 'NONE', ( #26 ), #559, .F. ) ;
#1459 = PRESENTATION_STYLE_ASSIGNMENT (( #1488 ) ) ;
#1460 = SURFACE_STYLE_FILL_AREA ( #890 ) ;
#1461 = MECHANICAL_DESIGN_GEOMETRIC_PRESENTATION_REPRESENTATION (  '', ( #393 ), #1565 ) ;
#1462 =( LENGTH_UNIT ( ) NAMED_UNIT ( * ) SI_UNIT ( .MILLI., .METRE. ) );
#1463 = DIRECTION ( 'NONE',  ( -0.000000000000000000, -0.000000000000000000, -1.000000000000000000 ) ) ;
#1464 = DIRECTION ( 'NONE',  ( -1.000000000000000000, 0.000000000000000000, 0.000000000000000000 ) ) ;
#1465 = ORIENTED_EDGE ( 'NONE', *, *, #1705, .F. ) ;
#1466 = LINE ( 'NONE', #390, #1793 ) ;
#1467 = EDGE_LOOP ( 'NONE', ( #495, #1394 ) ) ;
#1468 = EDGE_CURVE ( 'NONE', #365, #634, #1996, .T. ) ;
#1469 = DIRECTION ( 'NONE',  ( 0.000000000000000000, 0.000000000000000000, 1.000000000000000000 ) ) ;
#1470 = FILL_AREA_STYLE_COLOUR ( '', #1908 ) ;
#1471 = CARTESIAN_POINT ( 'NONE',  ( 0.000000000000000000, 0.000000000000000000, 2.250000000000000000 ) ) ;
#1472 = CARTESIAN_POINT ( 'NONE',  ( 0.4000000000000021316, -3.350000000000000089, -0.000000000000000000 ) ) ;
#1473 = FACE_OUTER_BOUND ( 'NONE', #1847, .T. ) ;
#1474 = ORIENTED_EDGE ( 'NONE', *, *, #660, .F. ) ;
#1475 = ORIENTED_EDGE ( 'NONE', *, *, #821, .F. ) ;
#1476 = VECTOR ( 'NONE', #1889, 1000.000000000000000 ) ;
#1477 = UNCERTAINTY_MEASURE_WITH_UNIT (LENGTH_MEASURE( 1.000000000000000082E-05 ), #728, 'distance_accuracy_value', 'NONE');
#1478 = PLANE ( 'NONE',  #1676 ) ;
#1479 = PRESENTATION_STYLE_ASSIGNMENT (( #1688 ) ) ;
#1480 = FACE_OUTER_BOUND ( 'NONE', #2263, .T. ) ;
#1481 = EDGE_LOOP ( 'NONE', ( #1442, #1160 ) ) ;
#1482 = EDGE_CURVE ( 'NONE', #1953, #1763, #246, .T. ) ;
#1483 =( NAMED_UNIT ( * ) SI_UNIT ( $, .STERADIAN. ) SOLID_ANGLE_UNIT ( ) );
#1484 = VERTEX_POINT ( 'NONE', #2148 ) ;
#1485 = AXIS2_PLACEMENT_3D ( 'NONE', #933, #1602, #601 ) ;
#1486 = VECTOR ( 'NONE', #577, 1000.000000000000000 ) ;
#1487 = FILL_AREA_STYLE_COLOUR ( '', #2206 ) ;
#1488 = SURFACE_STYLE_USAGE ( .BOTH. , #49 ) ;
#1489 = PLANE ( 'NONE',  #1567 ) ;
#1490 = VECTOR ( 'NONE', #334, 1000.000000000000000 ) ;
#1491 = CARTESIAN_POINT ( 'NONE',  ( 1.500000000000002665, 1.850000000000000533, 0.001000000000000000021 ) ) ;
#1492 = EDGE_LOOP ( 'NONE', ( #612, #1283, #1079, #1966 ) ) ;
#1493 = PLANE ( 'NONE',  #15 ) ;
#1494 = EDGE_LOOP ( 'NONE', ( #2134, #592, #895, #570 ) ) ;
#1495 = AXIS2_PLACEMENT_3D ( 'NONE', #545, #1062, #1051 ) ;
#1496 = UNCERTAINTY_MEASURE_WITH_UNIT (LENGTH_MEASURE( 1.000000000000000082E-05 ), #1929, 'distance_accuracy_value', 'NONE');
#1497 =( LENGTH_UNIT ( ) NAMED_UNIT ( * ) SI_UNIT ( .MILLI., .METRE. ) );
#1498 = PRESENTATION_STYLE_ASSIGNMENT (( #1865 ) ) ;
#1499 = CARTESIAN_POINT ( 'NONE',  ( -3.099999999999998757, -3.399999999999999911, 0.000000000000000000 ) ) ;
#1500 = ORIENTED_EDGE ( 'NONE', *, *, #539, .F. ) ;
#1501 = EDGE_CURVE ( 'NONE', #1948, #736, #1275, .T. ) ;
#1502 = CARTESIAN_POINT ( 'NONE',  ( 0.000000000000000000, 0.000000000000000000, 0.5000000000000000000 ) ) ;
#1503 = ORIENTED_EDGE ( 'NONE', *, *, #2053, .F. ) ;
#1504 = ADVANCED_BREP_SHAPE_REPRESENTATION ( '', ( #1435, #364 ), #1650 ) ;
#1505 = CARTESIAN_POINT ( 'NONE',  ( 1.500000000000003109, 3.349999999999999645, 0.000000000000000000 ) ) ;
#1506 = LINE ( 'NONE', #249, #833 ) ;
#1507 = DIRECTION ( 'NONE',  ( -0.000000000000000000, -1.000000000000000000, -0.000000000000000000 ) ) ;
#1508 = SURFACE_STYLE_USAGE ( .BOTH. , #452 ) ;
#1509 = EDGE_CURVE ( 'NONE', #1564, #1744, #267, .T. ) ;
#1510 = DIRECTION ( 'NONE',  ( 1.000000000000000000, 0.000000000000000000, 0.000000000000000000 ) ) ;
#1511 = ORIENTED_EDGE ( 'NONE', *, *, #119, .T. ) ;
#1512 = CARTESIAN_POINT ( 'NONE',  ( -0.3999999999999978018, -3.350000000000000089, -0.000000000000000000 ) ) ;
#1513 = CARTESIAN_POINT ( 'NONE',  ( 3.100000000000000533, 3.399999999999999911, 0.000000000000000000 ) ) ;
#1514 = ORIENTED_EDGE ( 'NONE', *, *, #1653, .F. ) ;
#1515 = STYLED_ITEM ( 'NONE', ( #583 ), #1435 ) ;
#1516 = STYLED_ITEM ( 'NONE', ( #711 ), #2135 ) ;
#1517 = EDGE_CURVE ( 'NONE', #850, #197, #13, .T. ) ;
#1518 = FILL_AREA_STYLE ('',( #924 ) ) ;
#1519 = STYLED_ITEM ( 'NONE', ( #2120 ), #410 ) ;
#1520 = UNCERTAINTY_MEASURE_WITH_UNIT (LENGTH_MEASURE( 1.000000000000000082E-05 ), #2038, 'distance_accuracy_value', 'NONE');
#1521 = LINE ( 'NONE', #1863, #1827 ) ;
#1522 = EDGE_CURVE ( 'NONE', #1964, #333, #2198, .T. ) ;
#1523 = SURFACE_SIDE_STYLE ('',( #1033 ) ) ;
#1524 = DIRECTION ( 'NONE',  ( 2.891205793294680298E-16, 1.000000000000000000, -0.000000000000000000 ) ) ;
#1525 = FILL_AREA_STYLE ('',( #1351 ) ) ;
#1526 = VECTOR ( 'NONE', #1387, 1000.000000000000000 ) ;
#1527 = ORIENTED_EDGE ( 'NONE', *, *, #807, .T. ) ;
#1528 = AXIS2_PLACEMENT_3D ( 'NONE', #1589, #150, #1904 ) ;
#1529 = FILL_AREA_STYLE_COLOUR ( '', #2246 ) ;
#1530 = PRESENTATION_LAYER_ASSIGNMENT (  '', '', ( #248 ) ) ;
#1531 = ADVANCED_FACE ( 'NONE', ( #1365 ), #1706, .F. ) ;
#1532 =( LENGTH_UNIT ( ) NAMED_UNIT ( * ) SI_UNIT ( .MILLI., .METRE. ) );
#1533 = DIRECTION ( 'NONE',  ( -1.000000000000000000, 0.000000000000000000, 0.000000000000000000 ) ) ;
#1534 = COLOUR_RGB ( '',1.000000000000000000, 0.9333333333333333481, 0.1843137254901960898 ) ;
#1535 = CARTESIAN_POINT ( 'NONE',  ( -3.799999999999999822, 0.000000000000000000, 0.001000000000000000021 ) ) ;
#1536 = SURFACE_STYLE_FILL_AREA ( #2243 ) ;
#1537 = DIRECTION ( 'NONE',  ( 0.000000000000000000, 0.000000000000000000, -1.000000000000000000 ) ) ;
#1538 = ORIENTED_EDGE ( 'NONE', *, *, #1050, .T. ) ;
#1539 = EDGE_CURVE ( 'NONE', #1988, #1991, #2224, .T. ) ;
#1540 = UNCERTAINTY_MEASURE_WITH_UNIT (LENGTH_MEASURE( 1.000000000000000082E-05 ), #159, 'distance_accuracy_value', 'NONE');
#1541 = CARTESIAN_POINT ( 'NONE',  ( 1.880000000000001226, 1.280000000000000249, 0.01000000000000000021 ) ) ;
#1542 =( LENGTH_UNIT ( ) NAMED_UNIT ( * ) SI_UNIT ( .MILLI., .METRE. ) );
#1543 = EDGE_CURVE ( 'NONE', #31, #1839, #1660, .T. ) ;
#1544 = DIRECTION ( 'NONE',  ( 1.224646799147353207E-16, 1.000000000000000000, -0.000000000000000000 ) ) ;
#1545 =( LENGTH_UNIT ( ) NAMED_UNIT ( * ) SI_UNIT ( .MILLI., .METRE. ) );
#1546 = EDGE_LOOP ( 'NONE', ( #812, #874, #822 ) ) ;
#1547 = CARTESIAN_POINT ( 'NONE',  ( -0.3999999999999969136, 3.349999999999999645, 0.000000000000000000 ) ) ;
#1548 = FACE_OUTER_BOUND ( 'NONE', #2268, .T. ) ;
#1549 = ORIENTED_EDGE ( 'NONE', *, *, #2182, .T. ) ;
#1550 = EDGE_CURVE ( 'NONE', #881, #654, #614, .T. ) ;
#1551 = PRESENTATION_LAYER_ASSIGNMENT (  '', '', ( #158 ) ) ;
#1552 = DIRECTION ( 'NONE',  ( -0.000000000000000000, -0.000000000000000000, -1.000000000000000000 ) ) ;
#1553 = LINE ( 'NONE', #139, #1526 ) ;
#1554 = FILL_AREA_STYLE_COLOUR ( '', #638 ) ;
#1555 = CARTESIAN_POINT ( 'NONE',  ( 1.500000000000002220, -3.350000000000000089, 0.001000000000000000021 ) ) ;
#1556 = MECHANICAL_DESIGN_GEOMETRIC_PRESENTATION_REPRESENTATION (  '', ( #2269 ), #1298 ) ;
#1557 = AXIS2_PLACEMENT_3D ( 'NONE', #1087, #1789, #210 ) ;
#1558 = CARTESIAN_POINT ( 'NONE',  ( 2.300000000000002487, 1.850000000000000089, 0.000000000000000000 ) ) ;
#1559 =( NAMED_UNIT ( * ) SI_UNIT ( $, .STERADIAN. ) SOLID_ANGLE_UNIT ( ) );
#1560 = ORIENTED_EDGE ( 'NONE', *, *, #1906, .F. ) ;
#1561 =( NAMED_UNIT ( * ) PLANE_ANGLE_UNIT ( ) SI_UNIT ( $, .RADIAN. ) );
#1562 = CARTESIAN_POINT ( 'NONE',  ( -1.499999999999996891, 3.349999999999999645, 0.001000000000000000021 ) ) ;
#1563 = CARTESIAN_POINT ( 'NONE',  ( 0.000000000000000000, 0.000000000000000000, 1.800000000000000044 ) ) ;
#1564 = VERTEX_POINT ( 'NONE', #1191 ) ;
#1565 =( GEOMETRIC_REPRESENTATION_CONTEXT ( 3 ) GLOBAL_UNCERTAINTY_ASSIGNED_CONTEXT ( ( #1637 ) ) GLOBAL_UNIT_ASSIGNED_CONTEXT ( ( #1729, #729, #1210 ) ) REPRESENTATION_CONTEXT ( 'NONE', 'WORKASPACE' ) );
#1566 = PRESENTATION_STYLE_ASSIGNMENT (( #1747 ) ) ;
#1567 = AXIS2_PLACEMENT_3D ( 'NONE', #1555, #1533, #1391 ) ;
#1568 = CARTESIAN_POINT ( 'NONE',  ( 0.000000000000000000, 0.000000000000000000, 0.000000000000000000 ) ) ;
#1569 = DIRECTION ( 'NONE',  ( -0.000000000000000000, -0.000000000000000000, -1.000000000000000000 ) ) ;
#1570 = STYLED_ITEM ( 'NONE', ( #742 ), #1274 ) ;
#1571 = VECTOR ( 'NONE', #1463, 1000.000000000000000 ) ;
#1572 = MECHANICAL_DESIGN_GEOMETRIC_PRESENTATION_REPRESENTATION (  '', ( #1647 ), #468 ) ;
#1573 = DIRECTION ( 'NONE',  ( 1.000000000000000000, 0.000000000000000000, 0.000000000000000000 ) ) ;
#1574 = FILL_AREA_STYLE_COLOUR ( '', #234 ) ;
#1575 = VERTEX_POINT ( 'NONE', #2237 ) ;
#1576 = DIRECTION ( 'NONE',  ( 0.000000000000000000, 0.000000000000000000, -1.000000000000000000 ) ) ;
#1577 = DIRECTION ( 'NONE',  ( 1.000000000000000000, -0.000000000000000000, -0.000000000000000000 ) ) ;
#1578 = ORIENTED_EDGE ( 'NONE', *, *, #503, .T. ) ;
#1579 = LINE ( 'NONE', #536, #760 ) ;
#1580 = CARTESIAN_POINT ( 'NONE',  ( -3.099999999999999645, 3.399999999999999911, 0.8000000000000000444 ) ) ;
#1581 = PRODUCT_DEFINITION ( 'æœ', '', #2132, #47 ) ;
#1582 =( NAMED_UNIT ( * ) PLANE_ANGLE_UNIT ( ) SI_UNIT ( $, .RADIAN. ) );
#1583 = DIRECTION ( 'NONE',  ( 0.000000000000000000, 0.000000000000000000, 1.000000000000000000 ) ) ;
#1584 = VECTOR ( 'NONE', #2217, 1000.000000000000000 ) ;
#1585 = EDGE_LOOP ( 'NONE', ( #512, #387, #1234, #723 ) ) ;
#1586 = LINE ( 'NONE', #702, #1453 ) ;
#1587 = LINE ( 'NONE', #1026, #1046 ) ;
#1588 = ORIENTED_EDGE ( 'NONE', *, *, #718, .F. ) ;
#1589 = CARTESIAN_POINT ( 'NONE',  ( 0.000000000000000000, 0.000000000000000000, 0.5000000000000000000 ) ) ;
#1590 = ORIENTED_EDGE ( 'NONE', *, *, #993, .T. ) ;
#1591 = LINE ( 'NONE', #152, #655 ) ;
#1592 = EDGE_CURVE ( 'NONE', #600, #891, #635, .T. ) ;
#1593 =( LENGTH_UNIT ( ) NAMED_UNIT ( * ) SI_UNIT ( .MILLI., .METRE. ) );
#1594 = VECTOR ( 'NONE', #955, 1000.000000000000000 ) ;
#1595 = ORIENTED_EDGE ( 'NONE', *, *, #807, .F. ) ;
#1596 = MECHANICAL_DESIGN_GEOMETRIC_PRESENTATION_REPRESENTATION (  '', ( #165 ), #381 ) ;
#1597 = COLOUR_RGB ( '',1.000000000000000000, 1.000000000000000000, 0.000000000000000000 ) ;
#1598 = FILL_AREA_STYLE ('',( #1233 ) ) ;
#1599 = ORIENTED_EDGE ( 'NONE', *, *, #491, .T. ) ;
#1600 = FACE_BOUND ( 'NONE', #2112, .T. ) ;
#1601 = ORIENTED_EDGE ( 'NONE', *, *, #639, .F. ) ;
#1602 = DIRECTION ( 'NONE',  ( 0.000000000000000000, -0.000000000000000000, 1.000000000000000000 ) ) ;
#1603 = MECHANICAL_DESIGN_GEOMETRIC_PRESENTATION_REPRESENTATION (  '', ( #1717 ), #389 ) ;
#1604 = ADVANCED_FACE ( 'NONE', ( #83 ), #302, .F. ) ;
#1605 = LINE ( 'NONE', #1250, #1278 ) ;
#1606 = VERTEX_POINT ( 'NONE', #327 ) ;
#1607 = PRESENTATION_LAYER_ASSIGNMENT (  '', '', ( #650 ) ) ;
#1608 = DIRECTION ( 'NONE',  ( 0.000000000000000000, 0.000000000000000000, -1.000000000000000000 ) ) ;
#1609 = VERTEX_POINT ( 'NONE', #189 ) ;
#1610 = DIRECTION ( 'NONE',  ( -1.000000000000000000, 0.000000000000000000, 0.000000000000000000 ) ) ;
#1611 = ORIENTED_EDGE ( 'NONE', *, *, #1817, .T. ) ;
#1612 = EDGE_CURVE ( 'NONE', #1200, #1564, #851, .T. ) ;
#1613 = FACE_OUTER_BOUND ( 'NONE', #1494, .T. ) ;
#1614 = DIRECTION ( 'NONE',  ( 0.000000000000000000, -0.000000000000000000, -1.000000000000000000 ) ) ;
#1615 =( NAMED_UNIT ( * ) PLANE_ANGLE_UNIT ( ) SI_UNIT ( $, .RADIAN. ) );
#1616 = ORIENTED_EDGE ( 'NONE', *, *, #70, .T. ) ;
#1617 = CARTESIAN_POINT ( 'NONE',  ( 0.4000000000000021316, -1.850000000000000089, 0.001000000000000000021 ) ) ;
#1618 = CIRCLE ( 'NONE', #627, 2.899999999999999911 ) ;
#1619 = EDGE_CURVE ( 'NONE', #1757, #1455, #1895, .T. ) ;
#1620 = EDGE_LOOP ( 'NONE', ( #1186, #1305, #423, #1063 ) ) ;
#1621 = MECHANICAL_DESIGN_GEOMETRIC_PRESENTATION_REPRESENTATION (  '', ( #76 ), #483 ) ;
#1622 = FACE_BOUND ( 'NONE', #157, .T. ) ;
#1623 = ORIENTED_EDGE ( 'NONE', *, *, #70, .F. ) ;
#1624 = ADVANCED_FACE ( 'NONE', ( #887, #164 ), #315, .T. ) ;
#1625 = FILL_AREA_STYLE ('',( #948 ) ) ;
#1626 = VECTOR ( 'NONE', #1921, 1000.000000000000000 ) ;
#1627 = DIRECTION ( 'NONE',  ( 1.000000000000000000, -0.000000000000000000, -0.000000000000000000 ) ) ;
#1628 = APPLICATION_PROTOCOL_DEFINITION ( 'draft international standard', 'automotive_design', 1998, #1411 ) ;
#1629 = CARTESIAN_POINT ( 'NONE',  ( -2.299999999999999822, 0.000000000000000000, 2.299999999999999822 ) ) ;
#1630 = AXIS2_PLACEMENT_3D ( 'NONE', #877, #6, #707 ) ;
#1631 =( NAMED_UNIT ( * ) SI_UNIT ( $, .STERADIAN. ) SOLID_ANGLE_UNIT ( ) );
#1632 = AXIS2_PLACEMENT_3D ( 'NONE', #1563, #1363, #2281 ) ;
#1633 = ORIENTED_EDGE ( 'NONE', *, *, #303, .F. ) ;
#1634 = EDGE_CURVE ( 'NONE', #1856, #1045, #3, .T. ) ;
#1635 = CARTESIAN_POINT ( 'NONE',  ( 0.000000000000000000, 0.000000000000000000, 2.250000000000000000 ) ) ;
#1636 = ORIENTED_EDGE ( 'NONE', *, *, #524, .T. ) ;
#1637 = UNCERTAINTY_MEASURE_WITH_UNIT (LENGTH_MEASURE( 1.000000000000000082E-05 ), #1729, 'distance_accuracy_value', 'NONE');
#1638 = LINE ( 'NONE', #958, #95 ) ;
#1639 = STYLED_ITEM ( 'NONE', ( #1845 ), #1074 ) ;
#1640 = CARTESIAN_POINT ( 'NONE',  ( -0.3999999999999978018, -3.350000000000000089, 0.001000000000000000021 ) ) ;
#1641 = EDGE_CURVE ( 'NONE', #2011, #919, #1399, .T. ) ;
#1642 =( LENGTH_UNIT ( ) NAMED_UNIT ( * ) SI_UNIT ( .MILLI., .METRE. ) );
#1643 =( NAMED_UNIT ( * ) SI_UNIT ( $, .STERADIAN. ) SOLID_ANGLE_UNIT ( ) );
#1644 = AXIS2_PLACEMENT_3D ( 'NONE', #1733, #1552, #1016 ) ;
#1645 = ORIENTED_EDGE ( 'NONE', *, *, #539, .T. ) ;
#1646 = FACE_OUTER_BOUND ( 'NONE', #1492, .T. ) ;
#1647 = STYLED_ITEM ( 'NONE', ( #830 ), #1312 ) ;
#1648 = ORIENTED_EDGE ( 'NONE', *, *, #1257, .F. ) ;
#1649 = CARTESIAN_POINT ( 'NONE',  ( 0.4000000000000021316, -1.850000000000000089, -0.000000000000000000 ) ) ;
#1650 =( GEOMETRIC_REPRESENTATION_CONTEXT ( 3 ) GLOBAL_UNCERTAINTY_ASSIGNED_CONTEXT ( ( #1113 ) ) GLOBAL_UNIT_ASSIGNED_CONTEXT ( ( #1545, #678, #1209 ) ) REPRESENTATION_CONTEXT ( 'NONE', 'WORKASPACE' ) );
#1651 = DIRECTION ( 'NONE',  ( -1.000000000000000000, 5.421010862427523156E-16, 0.000000000000000000 ) ) ;
#1652 = FACE_OUTER_BOUND ( 'NONE', #582, .T. ) ;
#1653 = EDGE_CURVE ( 'NONE', #750, #31, #513, .T. ) ;
#1654 = CARTESIAN_POINT ( 'NONE',  ( 2.300000000000002043, -3.350000000000000089, 0.001000000000000000021 ) ) ;
#1655 = ORIENTED_EDGE ( 'NONE', *, *, #1321, .F. ) ;
#1656 =( GEOMETRIC_REPRESENTATION_CONTEXT ( 3 ) GLOBAL_UNCERTAINTY_ASSIGNED_CONTEXT ( ( #417 ) ) GLOBAL_UNIT_ASSIGNED_CONTEXT ( ( #1054, #1582, #183 ) ) REPRESENTATION_CONTEXT ( 'NONE', 'WORKASPACE' ) );
#1657 = LINE ( 'NONE', #2222, #323 ) ;
#1658 = ORIENTED_EDGE ( 'NONE', *, *, #1886, .T. ) ;
#1659 = PRESENTATION_LAYER_ASSIGNMENT (  '', '', ( #1737 ) ) ;
#1660 = LINE ( 'NONE', #1841, #1083 ) ;
#1661 = ADVANCED_FACE ( 'NONE', ( #534 ), #1028, .T. ) ;
#1662 = CARTESIAN_POINT ( 'NONE',  ( 0.000000000000000000, 0.000000000000000000, 0.5000000000000000000 ) ) ;
#1663 = DIRECTION ( 'NONE',  ( 0.000000000000000000, -1.000000000000000000, 0.000000000000000000 ) ) ;
#1664 = SURFACE_STYLE_USAGE ( .BOTH. , #458 ) ;
#1665 = SURFACE_STYLE_USAGE ( .BOTH. , #1147 ) ;
#1666 = ORIENTED_EDGE ( 'NONE', *, *, #1228, .T. ) ;
#1667 = VECTOR ( 'NONE', #94, 1000.000000000000000 ) ;
#1668 = AXIS2_PLACEMENT_3D ( 'NONE', #778, #300, #2051 ) ;
#1669 = FILL_AREA_STYLE ('',( #624 ) ) ;
#1670 = DIRECTION ( 'NONE',  ( -1.000000000000000000, 0.000000000000000000, 0.000000000000000000 ) ) ;
#1671 = ADVANCED_FACE ( 'NONE', ( #1916, #1719 ), #1408, .T. ) ;
#1672 = COLOUR_RGB ( '',1.000000000000000000, 1.000000000000000000, 0.000000000000000000 ) ;
#1673 = FILL_AREA_STYLE ('',( #121 ) ) ;
#1674 = FILL_AREA_STYLE_COLOUR ( '', #1075 ) ;
#1675 = VERTEX_POINT ( 'NONE', #1224 ) ;
#1676 = AXIS2_PLACEMENT_3D ( 'NONE', #1849, #1663, #2188 ) ;
#1677 = DIRECTION ( 'NONE',  ( 0.000000000000000000, 1.000000000000000000, -0.000000000000000000 ) ) ;
#1678 = DIRECTION ( 'NONE',  ( 0.000000000000000000, 0.000000000000000000, -1.000000000000000000 ) ) ;
#1679 = CARTESIAN_POINT ( 'NONE',  ( -2.299999999999996714, 3.349999999999999645, 0.001000000000000000021 ) ) ;
#1680 = EDGE_LOOP ( 'NONE', ( #578, #952, #1407, #1384 ) ) ;
#1681 = VECTOR ( 'NONE', #725, 1000.000000000000000 ) ;
#1682 = CIRCLE ( 'NONE', #2248, 2.849999999999999645 ) ;
#1683 = CARTESIAN_POINT ( 'NONE',  ( 0.000000000000000000, 0.000000000000000000, 2.250000000000000000 ) ) ;
#1684 = EDGE_CURVE ( 'NONE', #712, #1056, #2076, .T. ) ;
#1685 = UNCERTAINTY_MEASURE_WITH_UNIT (LENGTH_MEASURE( 1.000000000000000082E-05 ), #974, 'distance_accuracy_value', 'NONE');
#1686 = FACE_OUTER_BOUND ( 'NONE', #1867, .T. ) ;
#1687 = AXIS2_PLACEMENT_3D ( 'NONE', #1535, #666, #1370 ) ;
#1688 = SURFACE_STYLE_USAGE ( .BOTH. , #618 ) ;
#1689 = DIRECTION ( 'NONE',  ( 0.000000000000000000, 1.000000000000000000, -0.000000000000000000 ) ) ;
#1690 = LINE ( 'NONE', #485, #932 ) ;
#1691 =( NAMED_UNIT ( * ) PLANE_ANGLE_UNIT ( ) SI_UNIT ( $, .RADIAN. ) );
#1692 = VERTEX_POINT ( 'NONE', #353 ) ;
#1693 = CARTESIAN_POINT ( 'NONE',  ( 3.000000000000001776, 2.189999999999999947, 0.7990000000000000435 ) ) ;
#1694 = VECTOR ( 'NONE', #2130, 1000.000000000000000 ) ;
#1695 = PRODUCT_DEFINITION ( 'æœ', '', #1728, #2031 ) ;
#1696 = CARTESIAN_POINT ( 'NONE',  ( -1.499999999999997335, 1.850000000000000089, 0.001000000000000000021 ) ) ;
#1697 =( NAMED_UNIT ( * ) SI_UNIT ( $, .STERADIAN. ) SOLID_ANGLE_UNIT ( ) );
#1698 = SURFACE_STYLE_FILL_AREA ( #1128 ) ;
#1699 = DIRECTION ( 'NONE',  ( 1.000000000000000000, 0.000000000000000000, 0.000000000000000000 ) ) ;
#1700 = CARTESIAN_POINT ( 'NONE',  ( -2.849999999999999645, 3.520859547548640440E-16, 2.299999999999999822 ) ) ;
#1701 = VERTEX_POINT ( 'NONE', #339 ) ;
#1702 = SURFACE_STYLE_USAGE ( .BOTH. , #1000 ) ;
#1703 = CARTESIAN_POINT ( 'NONE',  ( -2.299999999999997602, -3.350000000000000089, 0.000000000000000000 ) ) ;
#1704 = ORIENTED_EDGE ( 'NONE', *, *, #450, .T. ) ;
#1705 = EDGE_CURVE ( 'NONE', #1609, #2277, #2049, .T. ) ;
#1706 = PLANE ( 'NONE',  #1780 ) ;
#1707 = AXIS2_PLACEMENT_3D ( 'NONE', #2063, #486, #1189 ) ;
#1708 = VECTOR ( 'NONE', #160, 1000.000000000000000 ) ;
#1709 = UNCERTAINTY_MEASURE_WITH_UNIT (LENGTH_MEASURE( 1.000000000000000082E-05 ), #882, 'distance_accuracy_value', 'NONE');
#1710 = DIRECTION ( 'NONE',  ( -1.000000000000000000, 0.000000000000000000, -0.000000000000000000 ) ) ;
#1711 = CARTESIAN_POINT ( 'NONE',  ( -1.499999999999997780, -3.350000000000000089, 0.001000000000000000021 ) ) ;
#1712 = PRESENTATION_STYLE_ASSIGNMENT (( #2098 ) ) ;
#1713 = SHAPE_REPRESENTATION ( '6862I\X2\4ea754c1\X0\', ( #985, #1937, #2018 ), #473 ) ;
#1714 = DIRECTION ( 'NONE',  ( 2.891205793294679312E-16, 1.000000000000000000, 0.000000000000000000 ) ) ;
#1715 = CARTESIAN_POINT ( 'NONE',  ( -3.099999999999998757, -3.399999999999999911, 0.8000000000000000444 ) ) ;
#1716 = DIRECTION ( 'NONE',  ( 0.000000000000000000, 0.000000000000000000, 1.000000000000000000 ) ) ;
#1717 = STYLED_ITEM ( 'NONE', ( #1888 ), #943 ) ;
#1718 = ORIENTED_EDGE ( 'NONE', *, *, #973, .F. ) ;
#1719 = FACE_OUTER_BOUND ( 'NONE', #1467, .T. ) ;
#1720 = ADVANCED_FACE ( 'NONE', ( #2270 ), #706, .F. ) ;
#1721 = VECTOR ( 'NONE', #1990, 1000.000000000000000 ) ;
#1722 = DIRECTION ( 'NONE',  ( -1.000000000000000000, 0.000000000000000000, 0.000000000000000000 ) ) ;
#1723 = APPLICATION_CONTEXT ( 'automotive_design' ) ;
#1724 = DIRECTION ( 'NONE',  ( -1.000000000000000000, 0.000000000000000000, 0.000000000000000000 ) ) ;
#1725 = SURFACE_STYLE_FILL_AREA ( #526 ) ;
#1726 = EDGE_CURVE ( 'NONE', #1318, #1953, #1800, .T. ) ;
#1727 = ORIENTED_EDGE ( 'NONE', *, *, #1726, .T. ) ;
#1728 = PRODUCT_DEFINITION_FORMATION_WITH_SPECIFIED_SOURCE ( 'ä»', '', #1261, .NOT_KNOWN. ) ;
#1729 =( LENGTH_UNIT ( ) NAMED_UNIT ( * ) SI_UNIT ( .MILLI., .METRE. ) );
#1730 =( LENGTH_UNIT ( ) NAMED_UNIT ( * ) SI_UNIT ( .MILLI., .METRE. ) );
#1731 = LINE ( 'NONE', #53, #1270 ) ;
#1732 = EDGE_LOOP ( 'NONE', ( #2197, #2171, #1122, #2157 ) ) ;
#1733 = CARTESIAN_POINT ( 'NONE',  ( 0.000000000000000000, 0.000000000000000000, 2.299999999999999822 ) ) ;
#1734 = CARTESIAN_POINT ( 'NONE',  ( -0.3999999999999969136, 3.349999999999999645, 0.001000000000000000021 ) ) ;
#1735 = AXIS2_PLACEMENT_3D ( 'NONE', #765, #239, #251 ) ;
#1736 = CARTESIAN_POINT ( 'NONE',  ( -2.299999999999997602, -3.350000000000000089, 0.001000000000000000021 ) ) ;
#1737 = STYLED_ITEM ( 'NONE', ( #2216 ), #876 ) ;
#1738 = LINE ( 'NONE', #133, #1476 ) ;
#1739 = CARTESIAN_POINT ( 'NONE',  ( -1.499999999999997780, -3.350000000000000089, 0.001000000000000000021 ) ) ;
#1740 = ORIENTED_EDGE ( 'NONE', *, *, #973, .T. ) ;
#1741 = SURFACE_STYLE_USAGE ( .BOTH. , #1944 ) ;
#1742 = CARTESIAN_POINT ( 'NONE',  ( 0.000000000000000000, 0.000000000000000000, 0.001000000000000000021 ) ) ;
#1743 = CARTESIAN_POINT ( 'NONE',  ( -1.499999999999997780, -1.850000000000000089, 0.001000000000000000021 ) ) ;
#1744 = VERTEX_POINT ( 'NONE', #221 ) ;
#1745 = PRODUCT ( '6862I PCB\X2\677f\X0\', '6862I PCB\X2\677f\X0\', '', ( #9 ) ) ;
#1746 = STYLED_ITEM ( 'NONE', ( #1712 ), #2252 ) ;
#1747 = SURFACE_STYLE_USAGE ( .BOTH. , #2090 ) ;
#1748 = LINE ( 'NONE', #166, #944 ) ;
#1749 = CARTESIAN_POINT ( 'NONE',  ( 0.000000000000000000, 0.000000000000000000, 0.000000000000000000 ) ) ;
#1750 = MECHANICAL_DESIGN_GEOMETRIC_PRESENTATION_REPRESENTATION (  '', ( #2272 ), #1818 ) ;
#1751 = LINE ( 'NONE', #492, #1970 ) ;
#1752 = DIRECTION ( 'NONE',  ( 1.000000000000000000, 0.000000000000000000, 0.000000000000000000 ) ) ;
#1753 = LINE ( 'NONE', #170, #1626 ) ;
#1754 = ORIENTED_EDGE ( 'NONE', *, *, #1705, .T. ) ;
#1755 = CARTESIAN_POINT ( 'NONE',  ( 0.000000000000000000, 0.000000000000000000, 0.5000000000000000000 ) ) ;
#1756 = CARTESIAN_POINT ( 'NONE',  ( 0.4000000000000021316, -3.350000000000000089, 0.000000000000000000 ) ) ;
#1757 = VERTEX_POINT ( 'NONE', #1786 ) ;
#1758 = STYLED_ITEM ( 'NONE', ( #1167 ), #1041 ) ;
#1759 =( NAMED_UNIT ( * ) SI_UNIT ( $, .STERADIAN. ) SOLID_ANGLE_UNIT ( ) );
#1760 = VECTOR ( 'NONE', #599, 1000.000000000000000 ) ;
#1761 = CARTESIAN_POINT ( 'NONE',  ( 0.000000000000000000, 0.000000000000000000, 0.000000000000000000 ) ) ;
#1762 = DIRECTION ( 'NONE',  ( 0.000000000000000000, 0.000000000000000000, 1.000000000000000000 ) ) ;
#1763 = VERTEX_POINT ( 'NONE', #1952 ) ;
#1764 = CARTESIAN_POINT ( 'NONE',  ( 0.000000000000000000, 0.000000000000000000, 2.299999999999999822 ) ) ;
#1765 = ORIENTED_EDGE ( 'NONE', *, *, #2108, .T. ) ;
#1766 = ADVANCED_FACE ( 'NONE', ( #1600, #1622, #1965, #1286, #940, #768, #414, #376 ), #920, .F. ) ;
#1767 =( NAMED_UNIT ( * ) PLANE_ANGLE_UNIT ( ) SI_UNIT ( $, .RADIAN. ) );
#1768 = ORIENTED_EDGE ( 'NONE', *, *, #1822, .T. ) ;
#1769 = SURFACE_STYLE_USAGE ( .BOTH. , #523 ) ;
#1770 = EDGE_LOOP ( 'NONE', ( #44, #1560, #888, #1398 ) ) ;
#1771 = CARTESIAN_POINT ( 'NONE',  ( 0.4000000000000025757, 1.850000000000000089, 0.001000000000000000021 ) ) ;
#1772 = VERTEX_POINT ( 'NONE', #581 ) ;
#1773 = DIRECTION ( 'NONE',  ( -0.000000000000000000, -0.000000000000000000, -1.000000000000000000 ) ) ;
#1774 = ORIENTED_EDGE ( 'NONE', *, *, #233, .T. ) ;
#1775 = EDGE_CURVE ( 'NONE', #2124, #402, #1466, .T. ) ;
#1776 = COLOUR_RGB ( '',1.000000000000000000, 1.000000000000000000, 0.000000000000000000 ) ;
#1777 = FACE_BOUND ( 'NONE', #275, .T. ) ;
#1778 = SURFACE_SIDE_STYLE ('',( #1460 ) ) ;
#1779 = SHAPE_DEFINITION_REPRESENTATION ( #1225, #203 ) ;
#1780 = AXIS2_PLACEMENT_3D ( 'NONE', #1859, #1871, #1354 ) ;
#1781 = ORIENTED_EDGE ( 'NONE', *, *, #1119, .T. ) ;
#1782 = CARTESIAN_POINT ( 'NONE',  ( 3.000000000000001776, 2.189999999999999947, 0.7990000000000000435 ) ) ;
#1783 = ADVANCED_FACE ( 'NONE', ( #1939 ), #2185, .F. ) ;
#1784 = FILL_AREA_STYLE ('',( #938 ) ) ;
#1785 = ORIENTED_EDGE ( 'NONE', *, *, #1468, .F. ) ;
#1786 = CARTESIAN_POINT ( 'NONE',  ( -3.099999999999998757, -3.399999999999999911, 0.8000000000000000444 ) ) ;
#1787 = EDGE_LOOP ( 'NONE', ( #2119, #128, #696, #445 ) ) ;
#1788 = VECTOR ( 'NONE', #2231, 1000.000000000000000 ) ;
#1789 = DIRECTION ( 'NONE',  ( 0.000000000000000000, 1.000000000000000000, -0.000000000000000000 ) ) ;
#1790 = AXIS2_PLACEMENT_3D ( 'NONE', #1736, #1722, #1184 ) ;
#1791 = CARTESIAN_POINT ( 'NONE',  ( -1.499999999999996891, 3.349999999999999645, 0.000000000000000000 ) ) ;
#1792 = ORIENTED_EDGE ( 'NONE', *, *, #1906, .T. ) ;
#1793 = VECTOR ( 'NONE', #1610, 1000.000000000000000 ) ;
#1794 =( GEOMETRIC_REPRESENTATION_CONTEXT ( 3 ) GLOBAL_UNCERTAINTY_ASSIGNED_CONTEXT ( ( #675 ) ) GLOBAL_UNIT_ASSIGNED_CONTEXT ( ( #1238, #1215, #1759 ) ) REPRESENTATION_CONTEXT ( 'NONE', 'WORKASPACE' ) );
#1795 = LINE ( 'NONE', #1107, #2024 ) ;
#1796 = EDGE_CURVE ( 'NONE', #197, #850, #27, .T. ) ;
#1797 =( LENGTH_UNIT ( ) NAMED_UNIT ( * ) SI_UNIT ( .MILLI., .METRE. ) );
#1798 = ORIENTED_EDGE ( 'NONE', *, *, #1956, .F. ) ;
#1799 = PRODUCT_DEFINITION_SHAPE ( 'NONE', 'NONE',  #1581 ) ;
#1800 = LINE ( 'NONE', #43, #1721 ) ;
#1801 = ORIENTED_EDGE ( 'NONE', *, *, #1796, .F. ) ;
#1802 = DIRECTION ( 'NONE',  ( -0.000000000000000000, -0.000000000000000000, -1.000000000000000000 ) ) ;
#1803 = UNCERTAINTY_MEASURE_WITH_UNIT (LENGTH_MEASURE( 1.000000000000000082E-05 ), #24, 'distance_accuracy_value', 'NONE');
#1804 = DIRECTION ( 'NONE',  ( 0.000000000000000000, 1.000000000000000000, 0.000000000000000000 ) ) ;
#1805 = EDGE_CURVE ( 'NONE', #1272, #891, #55, .T. ) ;
#1806 = FACE_OUTER_BOUND ( 'NONE', #1430, .T. ) ;
#1807 = VECTOR ( 'NONE', #478, 1000.000000000000000 ) ;
#1808 = CARTESIAN_POINT ( 'NONE',  ( 0.000000000000000000, 0.000000000000000000, 0.5000000000000000000 ) ) ;
#1809 = ORIENTED_EDGE ( 'NONE', *, *, #1436, .T. ) ;
#1810 = ORIENTED_EDGE ( 'NONE', *, *, #1517, .F. ) ;
#1811 = CARTESIAN_POINT ( 'NONE',  ( 2.899999999999999911, 3.551475717527323832E-16, 0.05000000000000012768 ) ) ;
#1812 =( NAMED_UNIT ( * ) SI_UNIT ( $, .STERADIAN. ) SOLID_ANGLE_UNIT ( ) );
#1813 = DIRECTION ( 'NONE',  ( 0.000000000000000000, -0.000000000000000000, 1.000000000000000000 ) ) ;
#1814 = COLOUR_RGB ( '',1.000000000000000000, 1.000000000000000000, 0.000000000000000000 ) ;
#1815 = LINE ( 'NONE', #553, #225 ) ;
#1816 = FILL_AREA_STYLE_COLOUR ( '', #274 ) ;
#1817 = EDGE_CURVE ( 'NONE', #704, #1964, #1071, .T. ) ;
#1818 =( GEOMETRIC_REPRESENTATION_CONTEXT ( 3 ) GLOBAL_UNCERTAINTY_ASSIGNED_CONTEXT ( ( #2149 ) ) GLOBAL_UNIT_ASSIGNED_CONTEXT ( ( #1337, #1691, #1483 ) ) REPRESENTATION_CONTEXT ( 'NONE', 'WORKASPACE' ) );
#1819 = VERTEX_POINT ( 'NONE', #556 ) ;
#1820 = EDGE_LOOP ( 'NONE', ( #1792, #1303, #1500, #1423 ) ) ;
#1821 =( NAMED_UNIT ( * ) PLANE_ANGLE_UNIT ( ) SI_UNIT ( $, .RADIAN. ) );
#1822 = EDGE_CURVE ( 'NONE', #2011, #736, #1258, .T. ) ;
#1823 = AXIS2_PLACEMENT_3D ( 'NONE', #2062, #1187, #1714 ) ;
#1824 =( LENGTH_UNIT ( ) NAMED_UNIT ( * ) SI_UNIT ( .MILLI., .METRE. ) );
#1825 = DIRECTION ( 'NONE',  ( 0.000000000000000000, 0.000000000000000000, 1.000000000000000000 ) ) ;
#1826 =( GEOMETRIC_REPRESENTATION_CONTEXT ( 3 ) GLOBAL_UNCERTAINTY_ASSIGNED_CONTEXT ( ( #1276 ) ) GLOBAL_UNIT_ASSIGNED_CONTEXT ( ( #686, #328, #2068 ) ) REPRESENTATION_CONTEXT ( 'NONE', 'WORKASPACE' ) );
#1827 = VECTOR ( 'NONE', #1507, 1000.000000000000000 ) ;
#1828 = ORIENTED_EDGE ( 'NONE', *, *, #284, .T. ) ;
#1829 = EDGE_CURVE ( 'NONE', #78, #1951, #430, .T. ) ;
#1830 = FILL_AREA_STYLE_COLOUR ( '', #1814 ) ;
#1831 = FACE_OUTER_BOUND ( 'NONE', #1166, .T. ) ;
#1832 = CYLINDRICAL_SURFACE ( 'NONE', #795, 2.500000000000000000 ) ;
#1833 = FILL_AREA_STYLE ('',( #1175 ) ) ;
#1834 = VERTEX_POINT ( 'NONE', #1869 ) ;
#1835 = AXIS2_PLACEMENT_3D ( 'NONE', #411, #40, #230 ) ;
#1836 = CARTESIAN_POINT ( 'NONE',  ( 0.4000000000000021316, -1.850000000000000089, 0.001000000000000000021 ) ) ;
#1837 = DIRECTION ( 'NONE',  ( 0.000000000000000000, 1.000000000000000000, 0.000000000000000000 ) ) ;
#1838 = LINE ( 'NONE', #977, #751 ) ;
#1839 = VERTEX_POINT ( 'NONE', #1703 ) ;
#1840 = STYLED_ITEM ( 'NONE', ( #2178 ), #835 ) ;
#1841 = CARTESIAN_POINT ( 'NONE',  ( -1.499999999999997780, -3.350000000000000089, 0.000000000000000000 ) ) ;
#1842 = EDGE_CURVE ( 'NONE', #326, #519, #1657, .T. ) ;
#1843 = PRESENTATION_LAYER_ASSIGNMENT (  '', '', ( #1746 ) ) ;
#1844 = DIRECTION ( 'NONE',  ( -0.000000000000000000, -0.000000000000000000, -1.000000000000000000 ) ) ;
#1845 = PRESENTATION_STYLE_ASSIGNMENT (( #1664 ) ) ;
#1846 = SURFACE_STYLE_FILL_AREA ( #1158 ) ;
#1847 = EDGE_LOOP ( 'NONE', ( #869, #1082, #535, #836 ) ) ;
#1848 =( NAMED_UNIT ( * ) SI_UNIT ( $, .STERADIAN. ) SOLID_ANGLE_UNIT ( ) );
#1849 = CARTESIAN_POINT ( 'NONE',  ( 0.4000000000000021316, -3.350000000000000089, 0.001000000000000000021 ) ) ;
#1850 = MECHANICAL_DESIGN_GEOMETRIC_PRESENTATION_REPRESENTATION (  '', ( #1639 ), #1352 ) ;
#1851 =( NAMED_UNIT ( * ) SI_UNIT ( $, .STERADIAN. ) SOLID_ANGLE_UNIT ( ) );
#1852 = VERTEX_POINT ( 'NONE', #792 ) ;
#1853 = COLOUR_RGB ( '',1.000000000000000000, 1.000000000000000000, 0.000000000000000000 ) ;
#1854 = ADVANCED_FACE ( 'NONE', ( #1134, #1001 ), #953, .T. ) ;
#1855 = FACE_OUTER_BOUND ( 'NONE', #1680, .T. ) ;
#1856 = VERTEX_POINT ( 'NONE', #1513 ) ;
#1857 = AXIS2_PLACEMENT_3D ( 'NONE', #1502, #2220, #1335 ) ;
#1858 = TOROIDAL_SURFACE ( 'NONE', #2010, 2.849999999999999645, 0.05000000000000000278 ) ;
#1859 = CARTESIAN_POINT ( 'NONE',  ( 0.000000000000000000, 0.000000000000000000, 0.001000000000000000021 ) ) ;
#1860 = CARTESIAN_POINT ( 'NONE',  ( -2.299999999999997602, -1.850000000000000089, 0.000000000000000000 ) ) ;
#1861 = EDGE_CURVE ( 'NONE', #333, #1879, #126, .T. ) ;
#1862 = UNCERTAINTY_MEASURE_WITH_UNIT (LENGTH_MEASURE( 1.000000000000000082E-05 ), #270, 'distance_accuracy_value', 'NONE');
#1863 = CARTESIAN_POINT ( 'NONE',  ( 2.300000000000002043, -3.350000000000000089, 0.001000000000000000021 ) ) ;
#1864 = DIRECTION ( 'NONE',  ( -0.000000000000000000, -0.000000000000000000, -1.000000000000000000 ) ) ;
#1865 = SURFACE_STYLE_USAGE ( .BOTH. , #2240 ) ;
#1866 = ADVANCED_FACE ( 'NONE', ( #824 ), #1493, .F. ) ;
#1867 = EDGE_LOOP ( 'NONE', ( #1448, #1801, #1334, #1903 ) ) ;
#1868 = PLANE ( 'NONE',  #1343 ) ;
#1869 = CARTESIAN_POINT ( 'NONE',  ( 2.080000000000000959, 1.280000000000000249, 0.000000000000000000 ) ) ;
#1870 = ORIENTED_EDGE ( 'NONE', *, *, #385, .F. ) ;
#1871 = DIRECTION ( 'NONE',  ( 0.000000000000000000, -0.000000000000000000, 1.000000000000000000 ) ) ;
#1872 = COLOUR_RGB ( '',0.8235294117647058432, 0.8352941176470588536, 0.8235294117647058432 ) ;
#1873 = DIRECTION ( 'NONE',  ( -0.000000000000000000, -0.000000000000000000, -1.000000000000000000 ) ) ;
#1874 = FILL_AREA_STYLE ('',( #451 ) ) ;
#1875 = DIRECTION ( 'NONE',  ( -1.000000000000000000, -0.000000000000000000, -0.000000000000000000 ) ) ;
#1876 = CARTESIAN_POINT ( 'NONE',  ( -2.299999999999996714, 3.349999999999999645, 0.000000000000000000 ) ) ;
#1877 = CARTESIAN_POINT ( 'NONE',  ( 0.000000000000000000, 0.000000000000000000, 2.299999999999999822 ) ) ;
#1878 = DIRECTION ( 'NONE',  ( -0.000000000000000000, -0.000000000000000000, -1.000000000000000000 ) ) ;
#1879 = VERTEX_POINT ( 'NONE', #1304 ) ;
#1880 = SURFACE_SIDE_STYLE ('',( #1320 ) ) ;
#1881 = STYLED_ITEM ( 'NONE', ( #945 ), #1458 ) ;
#1882 = CIRCLE ( 'NONE', #1632, 2.500000000000000000 ) ;
#1883 = DIRECTION ( 'NONE',  ( 0.000000000000000000, 0.000000000000000000, -1.000000000000000000 ) ) ;
#1884 = AXIS2_PLACEMENT_3D ( 'NONE', #2209, #2254, #657 ) ;
#1885 = UNCERTAINTY_MEASURE_WITH_UNIT (LENGTH_MEASURE( 1.000000000000000082E-05 ), #114, 'distance_accuracy_value', 'NONE');
#1886 = EDGE_CURVE ( 'NONE', #1988, #1839, #2000, .T. ) ;
#1887 =( NAMED_UNIT ( * ) SI_UNIT ( $, .STERADIAN. ) SOLID_ANGLE_UNIT ( ) );
#1888 = PRESENTATION_STYLE_ASSIGNMENT (( #2019 ) ) ;
#1889 = DIRECTION ( 'NONE',  ( -0.000000000000000000, -0.000000000000000000, -1.000000000000000000 ) ) ;
#1890 = ORIENTED_EDGE ( 'NONE', *, *, #1133, .F. ) ;
#1891 = CARTESIAN_POINT ( 'NONE',  ( 1.500000000000002220, -3.350000000000000089, -0.000000000000000000 ) ) ;
#1892 = CARTESIAN_POINT ( 'NONE',  ( -0.3999999999999978018, -3.350000000000000089, 0.001000000000000000021 ) ) ;
#1893 = STYLED_ITEM ( 'NONE', ( #181 ), #956 ) ;
#1894 = EDGE_LOOP ( 'NONE', ( #1267, #1015, #731, #563 ) ) ;
#1895 = LINE ( 'NONE', #1235, #1206 ) ;
#1896 = SURFACE_STYLE_USAGE ( .BOTH. , #1204 ) ;
#1897 = DIRECTION ( 'NONE',  ( -3.907034855803619427E-16, 1.000000000000000000, 0.000000000000000000 ) ) ;
#1898 =( NAMED_UNIT ( * ) PLANE_ANGLE_UNIT ( ) SI_UNIT ( $, .RADIAN. ) );
#1899 = ORIENTED_EDGE ( 'NONE', *, *, #1822, .F. ) ;
#1900 = AXIS2_PLACEMENT_3D ( 'NONE', #18, #1762, #1090 ) ;
#1901 = DIRECTION ( 'NONE',  ( 0.000000000000000000, 0.000000000000000000, 1.000000000000000000 ) ) ;
#1902 = EDGE_CURVE ( 'NONE', #916, #356, #106, .T. ) ;
#1903 = ORIENTED_EDGE ( 'NONE', *, *, #1310, .F. ) ;
#1904 = DIRECTION ( 'NONE',  ( -1.000000000000000000, 0.000000000000000000, -0.000000000000000000 ) ) ;
#1905 = CARTESIAN_POINT ( 'NONE',  ( -0.3999999999999969136, 3.349999999999999645, 0.001000000000000000021 ) ) ;
#1906 = EDGE_CURVE ( 'NONE', #1879, #704, #447, .T. ) ;
#1907 = VECTOR ( 'NONE', #1949, 1000.000000000000000 ) ;
#1908 = COLOUR_RGB ( '',1.000000000000000000, 1.000000000000000000, 0.000000000000000000 ) ;
#1909 = DIRECTION ( 'NONE',  ( -1.000000000000000000, 0.000000000000000000, 0.000000000000000000 ) ) ;
#1910 = ORIENTED_EDGE ( 'NONE', *, *, #2020, .F. ) ;
#1911 = PLANE ( 'NONE',  #1735 ) ;
#1912 = CARTESIAN_POINT ( 'NONE',  ( -2.299999999999997602, -3.350000000000000089, 0.001000000000000000021 ) ) ;
#1913 = ORIENTED_EDGE ( 'NONE', *, *, #21, .T. ) ;
#1914 = EDGE_CURVE ( 'NONE', #337, #2023, #1168, .T. ) ;
#1915 = PRESENTATION_LAYER_ASSIGNMENT (  '', '', ( #1227 ) ) ;
#1916 = FACE_BOUND ( 'NONE', #2141, .T. ) ;
#1917 = MECHANICAL_DESIGN_GEOMETRIC_PRESENTATION_REPRESENTATION (  '', ( #1881 ), #819 ) ;
#1918 = DIRECTION ( 'NONE',  ( 0.000000000000000000, 0.000000000000000000, 1.000000000000000000 ) ) ;
#1919 =( GEOMETRIC_REPRESENTATION_CONTEXT ( 3 ) GLOBAL_UNCERTAINTY_ASSIGNED_CONTEXT ( ( #829 ) ) GLOBAL_UNIT_ASSIGNED_CONTEXT ( ( #1730, #541, #670 ) ) REPRESENTATION_CONTEXT ( 'NONE', 'WORKASPACE' ) );
#1920 = CARTESIAN_POINT ( 'NONE',  ( -2.299999999999997158, 1.850000000000000533, 0.000000000000000000 ) ) ;
#1921 = DIRECTION ( 'NONE',  ( 2.891205793294680298E-16, 1.000000000000000000, -0.000000000000000000 ) ) ;
#1922 = EDGE_LOOP ( 'NONE', ( #2109, #1870, #2064, #557 ) ) ;
#1923 = SURFACE_SIDE_STYLE ('',( #324 ) ) ;
#1924 = CARTESIAN_POINT ( 'NONE',  ( -1.499999999999997335, 1.850000000000000089, 0.000000000000000000 ) ) ;
#1925 = ORIENTED_EDGE ( 'NONE', *, *, #1619, .T. ) ;
#1926 = EDGE_CURVE ( 'NONE', #1200, #1170, #1838, .T. ) ;
#1927 = PRESENTATION_LAYER_ASSIGNMENT (  '', '', ( #287 ) ) ;
#1928 = VERTEX_POINT ( 'NONE', #988 ) ;
#1929 =( LENGTH_UNIT ( ) NAMED_UNIT ( * ) SI_UNIT ( .MILLI., .METRE. ) );
#1930 = COLOUR_RGB ( '',1.000000000000000000, 0.9333333333333333481, 0.1843137254901960898 ) ;
#1931 = MECHANICAL_DESIGN_GEOMETRIC_PRESENTATION_REPRESENTATION (  '', ( #2094 ), #1099 ) ;
#1932 = CARTESIAN_POINT ( 'NONE',  ( 1.500000000000002220, -1.850000000000000089, 0.001000000000000000021 ) ) ;
#1933 = ITEM_DEFINED_TRANSFORMATION ( 'NONE', 'NONE', #1937,  #364 ) ;
#1934 = ORIENTED_EDGE ( 'NONE', *, *, #560, .T. ) ;
#1935 = ADVANCED_FACE ( 'NONE', ( #437 ), #265, .F. ) ;
#1936 = DIRECTION ( 'NONE',  ( 1.000000000000000000, 0.000000000000000000, 0.000000000000000000 ) ) ;
#1937 = AXIS2_PLACEMENT_3D ( 'NONE', #550, #184, #1447 ) ;
#1938 = ORIENTED_EDGE ( 'NONE', *, *, #2283, .T. ) ;
#1939 = FACE_OUTER_BOUND ( 'NONE', #313, .T. ) ;
#1940 = ORIENTED_EDGE ( 'NONE', *, *, #1401, .F. ) ;
#1941 = DIRECTION ( 'NONE',  ( 0.000000000000000000, 0.000000000000000000, -1.000000000000000000 ) ) ;
#1942 = CIRCLE ( 'NONE', #771, 2.899999999999999911 ) ;
#1943 = EDGE_CURVE ( 'NONE', #1763, #2041, #146, .T. ) ;
#1944 = SURFACE_SIDE_STYLE ('',( #823 ) ) ;
#1945 = SURFACE_STYLE_FILL_AREA ( #549 ) ;
#1946 = DIRECTION ( 'NONE',  ( 1.000000000000000000, 0.000000000000000000, 0.000000000000000000 ) ) ;
#1947 = PRESENTATION_LAYER_ASSIGNMENT (  '', '', ( #76 ) ) ;
#1948 = VERTEX_POINT ( 'NONE', #1924 ) ;
#1949 = DIRECTION ( 'NONE',  ( 1.000000000000000000, -0.000000000000000000, -0.000000000000000000 ) ) ;
#1950 = DIRECTION ( 'NONE',  ( -1.000000000000000000, 0.000000000000000000, 0.000000000000000000 ) ) ;
#1951 = VERTEX_POINT ( 'NONE', #1397 ) ;
#1952 = CARTESIAN_POINT ( 'NONE',  ( 0.4000000000000021316, -1.850000000000000089, -0.000000000000000000 ) ) ;
#1953 = VERTEX_POINT ( 'NONE', #325 ) ;
#1954 =( GEOMETRIC_REPRESENTATION_CONTEXT ( 3 ) GLOBAL_UNCERTAINTY_ASSIGNED_CONTEXT ( ( #2003 ) ) GLOBAL_UNIT_ASSIGNED_CONTEXT ( ( #456, #1156, #1851 ) ) REPRESENTATION_CONTEXT ( 'NONE', 'WORKASPACE' ) );
#1955 = SURFACE_STYLE_FILL_AREA ( #1112 ) ;
#1956 = EDGE_CURVE ( 'NONE', #197, #1220, #658, .T. ) ;
#1957 = DIRECTION ( 'NONE',  ( 1.000000000000000000, 0.000000000000000000, -0.000000000000000000 ) ) ;
#1958 = PRESENTATION_STYLE_ASSIGNMENT (( #1104 ) ) ;
#1959 = APPLICATION_PROTOCOL_DEFINITION ( 'draft international standard', 'automotive_design', 1998, #2201 ) ;
#1960 = AXIS2_PLACEMENT_3D ( 'NONE', #1683, #2055, #461 ) ;
#1961 = EDGE_LOOP ( 'NONE', ( #195, #278, #1413, #293 ) ) ;
#1962 = VECTOR ( 'NONE', #277, 1000.000000000000000 ) ;
#1963 = LINE ( 'NONE', #384, #74 ) ;
#1964 = VERTEX_POINT ( 'NONE', #311 ) ;
#1965 = FACE_BOUND ( 'NONE', #1353, .T. ) ;
#1966 = ORIENTED_EDGE ( 'NONE', *, *, #2020, .T. ) ;
#1967 = COLOUR_RGB ( '',1.000000000000000000, 1.000000000000000000, 0.000000000000000000 ) ;
#1968 = CARTESIAN_POINT ( 'NONE',  ( -1.499999999999997335, 1.850000000000000089, 0.000000000000000000 ) ) ;
#1969 = EDGE_CURVE ( 'NONE', #1086, #301, #1882, .T. ) ;
#1970 = VECTOR ( 'NONE', #1569, 1000.000000000000000 ) ;
#1971 = DIRECTION ( 'NONE',  ( -2.891205793294679312E-16, -1.000000000000000000, 0.000000000000000000 ) ) ;
#1972 =( NAMED_UNIT ( * ) SI_UNIT ( $, .STERADIAN. ) SOLID_ANGLE_UNIT ( ) );
#1973 = PRESENTATION_LAYER_ASSIGNMENT (  '', '', ( #2009 ) ) ;
#1974 = VECTOR ( 'NONE', #1875, 1000.000000000000000 ) ;
#1975 = MECHANICAL_DESIGN_GEOMETRIC_PRESENTATION_REPRESENTATION (  '', ( #288 ), #2126 ) ;
#1976 = STYLED_ITEM ( 'NONE', ( #971 ), #1329 ) ;
#1977 = DIRECTION ( 'NONE',  ( -1.000000000000000000, 5.421010862427523156E-16, 0.000000000000000000 ) ) ;
#1978 = SURFACE_STYLE_USAGE ( .BOTH. , #2156 ) ;
#1979 = ORIENTED_EDGE ( 'NONE', *, *, #1943, .T. ) ;
#1980 = CARTESIAN_POINT ( 'NONE',  ( 0.000000000000000000, 0.000000000000000000, 0.000000000000000000 ) ) ;
#1981 = ORIENTED_EDGE ( 'NONE', *, *, #1310, .T. ) ;
#1982 = LINE ( 'NONE', #2002, #86 ) ;
#1983 = UNCERTAINTY_MEASURE_WITH_UNIT (LENGTH_MEASURE( 1.000000000000000082E-05 ), #1077, 'distance_accuracy_value', 'NONE');
#1984 = CARTESIAN_POINT ( 'NONE',  ( 0.4000000000000021316, -3.350000000000000089, 0.001000000000000000021 ) ) ;
#1985 = CARTESIAN_POINT ( 'NONE',  ( 0.000000000000000000, 0.000000000000000000, 0.05000000000000012768 ) ) ;
#1986 = CARTESIAN_POINT ( 'NONE',  ( 0.000000000000000000, 0.000000000000000000, 2.299999999999999822 ) ) ;
#1987 = STYLED_ITEM ( 'NONE', ( #354 ), #727 ) ;
#1988 = VERTEX_POINT ( 'NONE', #1912 ) ;
#1989 = EDGE_CURVE ( 'NONE', #1675, #143, #682, .T. ) ;
#1990 = DIRECTION ( 'NONE',  ( -0.000000000000000000, -0.000000000000000000, -1.000000000000000000 ) ) ;
#1991 = VERTEX_POINT ( 'NONE', #693 ) ;
#1992 = DIRECTION ( 'NONE',  ( 0.7396656755072640310, -0.6729745080434940130, 0.000000000000000000 ) ) ;
#1993 = DIRECTION ( 'NONE',  ( -0.000000000000000000, -0.000000000000000000, 1.000000000000000000 ) ) ;
#1994 = CARTESIAN_POINT ( 'NONE',  ( -0.3999999999999973577, 1.850000000000000533, 0.001000000000000000021 ) ) ;
#1995 = APPLICATION_CONTEXT ( 'automotive_design' ) ;
#1996 = CIRCLE ( 'NONE', #896, 2.849999999999999645 ) ;
#1997 = FILL_AREA_STYLE ('',( #1674 ) ) ;
#1998 = AXIS2_PLACEMENT_3D ( 'NONE', #41, #1295, #745 ) ;
#1999 = ORIENTED_EDGE ( 'NONE', *, *, #2099, .F. ) ;
#2000 = LINE ( 'NONE', #1327, #859 ) ;
#2001 = EDGE_LOOP ( 'NONE', ( #1611, #11, #205, #1072 ) ) ;
#2002 = CARTESIAN_POINT ( 'NONE',  ( -0.3999999999999978018, -3.350000000000000089, 0.001000000000000000021 ) ) ;
#2003 = UNCERTAINTY_MEASURE_WITH_UNIT (LENGTH_MEASURE( 1.000000000000000082E-05 ), #456, 'distance_accuracy_value', 'NONE');
#2004 = DIRECTION ( 'NONE',  ( 0.000000000000000000, 0.000000000000000000, -1.000000000000000000 ) ) ;
#2005 = CARTESIAN_POINT ( 'NONE',  ( 3.000000000000001776, 2.189999999999999947, 0.7990000000000000435 ) ) ;
#2006 =( GEOMETRIC_REPRESENTATION_CONTEXT ( 3 ) GLOBAL_UNCERTAINTY_ASSIGNED_CONTEXT ( ( #490 ) ) GLOBAL_UNIT_ASSIGNED_CONTEXT ( ( #2033, #432, #73 ) ) REPRESENTATION_CONTEXT ( 'NONE', 'WORKASPACE' ) );
#2007 = DIRECTION ( 'NONE',  ( -1.000000000000000000, 5.421010862427523156E-16, 0.000000000000000000 ) ) ;
#2008 = SURFACE_SIDE_STYLE ('',( #1165 ) ) ;
#2009 = STYLED_ITEM ( 'NONE', ( #826 ), #1604 ) ;
#2010 = AXIS2_PLACEMENT_3D ( 'NONE', #1985, #409, #238 ) ;
#2011 = VERTEX_POINT ( 'NONE', #1014 ) ;
#2012 = EDGE_CURVE ( 'NONE', #1484, #1819, #1, .T. ) ;
#2013 = EDGE_CURVE ( 'NONE', #1991, #1484, #1199, .T. ) ;
#2014 =( NAMED_UNIT ( * ) PLANE_ANGLE_UNIT ( ) SI_UNIT ( $, .RADIAN. ) );
#2015 = DIRECTION ( 'NONE',  ( -0.000000000000000000, -0.000000000000000000, 1.000000000000000000 ) ) ;
#2016 = DIRECTION ( 'NONE',  ( -2.891205793294679312E-16, -1.000000000000000000, 0.000000000000000000 ) ) ;
#2017 = ORIENTED_EDGE ( 'NONE', *, *, #2013, .T. ) ;
#2018 = AXIS2_PLACEMENT_3D ( 'NONE', #880, #1583, #1279 ) ;
#2019 = SURFACE_STYLE_USAGE ( .BOTH. , #1323 ) ;
#2020 = EDGE_CURVE ( 'NONE', #1772, #333, #518, .T. ) ;
#2021 = LINE ( 'NONE', #285, #922 ) ;
#2022 = CARTESIAN_POINT ( 'NONE',  ( 2.080000000000000959, 1.280000000000000249, 0.01000000000000000021 ) ) ;
#2023 = VERTEX_POINT ( 'NONE', #1892 ) ;
#2024 = VECTOR ( 'NONE', #917, 1000.000000000000000 ) ;
#2025 = FILL_AREA_STYLE_COLOUR ( '', #1284 ) ;
#2026 =( NAMED_UNIT ( * ) PLANE_ANGLE_UNIT ( ) SI_UNIT ( $, .RADIAN. ) );
#2027 = CARTESIAN_POINT ( 'NONE',  ( -2.299999999999997158, 1.850000000000000533, 0.001000000000000000021 ) ) ;
#2028 = ORIENTED_EDGE ( 'NONE', *, *, #1389, .F. ) ;
#2029 = CIRCLE ( 'NONE', #1151, 0.2000000000000000944 ) ;
#2030 = PRESENTATION_STYLE_ASSIGNMENT (( #474 ) ) ;
#2031 = PRODUCT_DEFINITION_CONTEXT ( 'detailed design', #1411, 'design' ) ;
#2032 = DIRECTION ( 'NONE',  ( 1.000000000000000000, 0.000000000000000000, 0.000000000000000000 ) ) ;
#2033 =( LENGTH_UNIT ( ) NAMED_UNIT ( * ) SI_UNIT ( .MILLI., .METRE. ) );
#2034 = EDGE_CURVE ( 'NONE', #1575, #2100, #1587, .T. ) ;
#2035 = DIRECTION ( 'NONE',  ( -1.000000000000000000, 0.000000000000000000, 0.000000000000000000 ) ) ;
#2036 = LINE ( 'NONE', #2022, #855 ) ;
#2037 = VECTOR ( 'NONE', #1317, 1000.000000000000000 ) ;
#2038 =( LENGTH_UNIT ( ) NAMED_UNIT ( * ) SI_UNIT ( .MILLI., .METRE. ) );
#2039 = CARTESIAN_POINT ( 'NONE',  ( 1.880000000000001226, 1.280000000000000249, 0.01000000000000000021 ) ) ;
#2040 = VECTOR ( 'NONE', #1524, 1000.000000000000000 ) ;
#2041 = VERTEX_POINT ( 'NONE', #1756 ) ;
#2042 = SURFACE_STYLE_USAGE ( .BOTH. , #2225 ) ;
#2043 = EDGE_CURVE ( 'NONE', #1852, #2075, #640, .T. ) ;
#2044 = FILL_AREA_STYLE_COLOUR ( '', #1534 ) ;
#2045 = FILL_AREA_STYLE ('',( #617 ) ) ;
#2046 = VECTOR ( 'NONE', #1971, 1000.000000000000000 ) ;
#2047 = DIRECTION ( 'NONE',  ( 1.000000000000000000, -0.000000000000000000, -0.000000000000000000 ) ) ;
#2048 = ORIENTED_EDGE ( 'NONE', *, *, #1482, .F. ) ;
#2049 = CIRCLE ( 'NONE', #1495, 2.849999999999999645 ) ;
#2050 = CARTESIAN_POINT ( 'NONE',  ( 3.100000000000000533, 3.399999999999999911, 0.000000000000000000 ) ) ;
#2051 = DIRECTION ( 'NONE',  ( 1.000000000000000000, 0.000000000000000000, 0.000000000000000000 ) ) ;
#2052 = ORIENTED_EDGE ( 'NONE', *, *, #984, .T. ) ;
#2053 = EDGE_CURVE ( 'NONE', #2075, #1852, #532, .T. ) ;
#2054 = AXIS2_PLACEMENT_3D ( 'NONE', #1749, #1941, #342 ) ;
#2055 = DIRECTION ( 'NONE',  ( -0.000000000000000000, -0.000000000000000000, -1.000000000000000000 ) ) ;
#2056 = DIRECTION ( 'NONE',  ( 0.000000000000000000, 1.000000000000000000, 0.000000000000000000 ) ) ;
#2057 = UNCERTAINTY_MEASURE_WITH_UNIT (LENGTH_MEASURE( 1.000000000000000082E-05 ), #843, 'distance_accuracy_value', 'NONE');
#2058 = DIRECTION ( 'NONE',  ( -0.000000000000000000, -0.000000000000000000, -1.000000000000000000 ) ) ;
#2059 = CARTESIAN_POINT ( 'NONE',  ( -3.099999999999999645, 3.399999999999999911, 0.8000000000000000444 ) ) ;
#2060 = SURFACE_STYLE_FILL_AREA ( #1673 ) ;
#2061 = ORIENTED_EDGE ( 'NONE', *, *, #1726, .F. ) ;
#2062 = CARTESIAN_POINT ( 'NONE',  ( 2.300000000000002931, 3.349999999999999645, 0.001000000000000000021 ) ) ;
#2063 = CARTESIAN_POINT ( 'NONE',  ( 0.000000000000000000, 0.000000000000000000, 2.299999999999999822 ) ) ;
#2064 = ORIENTED_EDGE ( 'NONE', *, *, #1029, .F. ) ;
#2065 = MECHANICAL_DESIGN_GEOMETRIC_PRESENTATION_REPRESENTATION (  '', ( #1987 ), #1656 ) ;
#2066 =( NAMED_UNIT ( * ) PLANE_ANGLE_UNIT ( ) SI_UNIT ( $, .RADIAN. ) );
#2067 = AXIS2_PLACEMENT_3D ( 'NONE', #37, #1262, #2139 ) ;
#2068 =( NAMED_UNIT ( * ) SI_UNIT ( $, .STERADIAN. ) SOLID_ANGLE_UNIT ( ) );
#2069 = SURFACE_SIDE_STYLE ('',( #439 ) ) ;
#2070 = SURFACE_STYLE_FILL_AREA ( #2276 ) ;
#2071 = CARTESIAN_POINT ( 'NONE',  ( 0.000000000000000000, 0.000000000000000000, 0.000000000000000000 ) ) ;
#2072 = ORIENTED_EDGE ( 'NONE', *, *, #1141, .T. ) ;
#2073 = MECHANICAL_DESIGN_GEOMETRIC_PRESENTATION_REPRESENTATION (  '', ( #158 ), #1954 ) ;
#2074 = EDGE_CURVE ( 'NONE', #197, #1609, #124, .T. ) ;
#2075 = VERTEX_POINT ( 'NONE', #2255 ) ;
#2076 = LINE ( 'NONE', #862, #211 ) ;
#2077 = VECTOR ( 'NONE', #2121, 1000.000000000000000 ) ;
#2078 = DIRECTION ( 'NONE',  ( -0.000000000000000000, -1.000000000000000000, -0.000000000000000000 ) ) ;
#2079 = UNCERTAINTY_MEASURE_WITH_UNIT (LENGTH_MEASURE( 1.000000000000000082E-05 ), #652, 'distance_accuracy_value', 'NONE');
#2080 = SURFACE_STYLE_USAGE ( .BOTH. , #493 ) ;
#2081 = ORIENTED_EDGE ( 'NONE', *, *, #1829, .T. ) ;
#2082 = VECTOR ( 'NONE', #508, 1000.000000000000000 ) ;
#2083 = SURFACE_STYLE_USAGE ( .BOTH. , #902 ) ;
#2084 = FILL_AREA_STYLE_COLOUR ( '', #968 ) ;
#2085 =( NAMED_UNIT ( * ) SI_UNIT ( $, .STERADIAN. ) SOLID_ANGLE_UNIT ( ) );
#2086 = COLOUR_RGB ( '',1.000000000000000000, 1.000000000000000000, 0.000000000000000000 ) ;
#2087 = ORIENTED_EDGE ( 'NONE', *, *, #560, .F. ) ;
#2088 = EDGE_CURVE ( 'NONE', #1484, #750, #1731, .T. ) ;
#2089 = EDGE_CURVE ( 'NONE', #1404, #190, #366, .T. ) ;
#2090 = SURFACE_SIDE_STYLE ('',( #1386 ) ) ;
#2091 = AXIS2_PLACEMENT_3D ( 'NONE', #1296, #403, #231 ) ;
#2092 = CARTESIAN_POINT ( 'NONE',  ( 2.300000000000002043, -1.850000000000000089, 0.001000000000000000021 ) ) ;
#2093 = VECTOR ( 'NONE', #1873, 1000.000000000000000 ) ;
#2094 = STYLED_ITEM ( 'NONE', ( #1459 ), #1281 ) ;
#2095 = DIRECTION ( 'NONE',  ( -0.000000000000000000, -1.000000000000000000, -0.000000000000000000 ) ) ;
#2096 = PRODUCT_DEFINITION_FORMATION_WITH_SPECIFIED_SOURCE ( 'ä»', '', #1745, .NOT_KNOWN. ) ;
#2097 = DIRECTION ( 'NONE',  ( 0.000000000000000000, 0.000000000000000000, -1.000000000000000000 ) ) ;
#2098 = SURFACE_STYLE_USAGE ( .BOTH. , #1010 ) ;
#2099 = EDGE_CURVE ( 'NONE', #1575, #1928, #573, .T. ) ;
#2100 = VERTEX_POINT ( 'NONE', #412 ) ;
#2101 = DIRECTION ( 'NONE',  ( 1.000000000000000000, -2.891205793294679312E-16, 0.000000000000000000 ) ) ;
#2102 = CARTESIAN_POINT ( 'NONE',  ( -1.499999999999997780, -1.850000000000000089, 0.001000000000000000021 ) ) ;
#2103 = ORIENTED_EDGE ( 'NONE', *, *, #154, .T. ) ;
#2104 = DIRECTION ( 'NONE',  ( 2.891205793294680298E-16, 1.000000000000000000, -0.000000000000000000 ) ) ;
#2105 = AXIS2_PLACEMENT_3D ( 'NONE', #1332, #87, #1510 ) ;
#2106 = DIRECTION ( 'NONE',  ( 1.000000000000000000, 0.000000000000000000, -0.000000000000000000 ) ) ;
#2107 = DIRECTION ( 'NONE',  ( 0.000000000000000000, 0.000000000000000000, 1.000000000000000000 ) ) ;
#2108 = EDGE_CURVE ( 'NONE', #1839, #89, #908, .T. ) ;
#2109 = ORIENTED_EDGE ( 'NONE', *, *, #1634, .T. ) ;
#2110 = FACE_OUTER_BOUND ( 'NONE', #978, .T. ) ;
#2111 = SURFACE_SIDE_STYLE ('',( #1406 ) ) ;
#2112 = EDGE_LOOP ( 'NONE', ( #2087, #1475 ) ) ;
#2113 = CARTESIAN_POINT ( 'NONE',  ( -2.299999999999996714, 3.349999999999999645, 0.001000000000000000021 ) ) ;
#2114 = EDGE_LOOP ( 'NONE', ( #1754, #1981 ) ) ;
#2115 = MECHANICAL_DESIGN_GEOMETRIC_PRESENTATION_REPRESENTATION (  '', ( #200 ), #1269 ) ;
#2116 = SURFACE_STYLE_USAGE ( .BOTH. , #1030 ) ;
#2117 = VECTOR ( 'NONE', #1048, 1000.000000000000000 ) ;
#2118 = FILL_AREA_STYLE_COLOUR ( '', #886 ) ;
#2119 = ORIENTED_EDGE ( 'NONE', *, *, #1684, .T. ) ;
#2120 = PRESENTATION_STYLE_ASSIGNMENT (( #2280 ) ) ;
#2121 = DIRECTION ( 'NONE',  ( 0.000000000000000000, 1.000000000000000000, 0.000000000000000000 ) ) ;
#2122 = ORIENTED_EDGE ( 'NONE', *, *, #182, .F. ) ;
#2123 = DIRECTION ( 'NONE',  ( -1.000000000000000000, -0.000000000000000000, -0.000000000000000000 ) ) ;
#2124 = VERTEX_POINT ( 'NONE', #2143 ) ;
#2125 = EDGE_CURVE ( 'NONE', #134, #176, #373, .T. ) ;
#2126 =( GEOMETRIC_REPRESENTATION_CONTEXT ( 3 ) GLOBAL_UNCERTAINTY_ASSIGNED_CONTEXT ( ( #2202 ) ) GLOBAL_UNIT_ASSIGNED_CONTEXT ( ( #1824, #63, #462 ) ) REPRESENTATION_CONTEXT ( 'NONE', 'WORKASPACE' ) );
#2127 = MECHANICAL_DESIGN_GEOMETRIC_PRESENTATION_REPRESENTATION (  '', ( #1207 ), #1794 ) ;
#2128 =( NAMED_UNIT ( * ) SI_UNIT ( $, .STERADIAN. ) SOLID_ANGLE_UNIT ( ) );
#2129 = ORIENTED_EDGE ( 'NONE', *, *, #1796, .T. ) ;
#2130 = DIRECTION ( 'NONE',  ( -1.000000000000000000, 0.000000000000000000, 0.000000000000000000 ) ) ;
#2131 = DIRECTION ( 'NONE',  ( -0.000000000000000000, -1.000000000000000000, -0.000000000000000000 ) ) ;
#2132 = PRODUCT_DEFINITION_FORMATION_WITH_SPECIFIED_SOURCE ( 'ä»', '', #344, .NOT_KNOWN. ) ;
#2133 = ORIENTED_EDGE ( 'NONE', *, *, #2108, .F. ) ;
#2134 = ORIENTED_EDGE ( 'NONE', *, *, #1902, .T. ) ;
#2135 = ADVANCED_FACE ( 'NONE', ( #401 ), #219, .T. ) ;
#2136 =( NAMED_UNIT ( * ) PLANE_ANGLE_UNIT ( ) SI_UNIT ( $, .RADIAN. ) );
#2137 = AXIS2_PLACEMENT_3D ( 'NONE', #1761, #2097, #1724 ) ;
#2138 = FILL_AREA_STYLE_COLOUR ( '', #1132 ) ;
#2139 = DIRECTION ( 'NONE',  ( 0.000000000000000000, 0.000000000000000000, 1.000000000000000000 ) ) ;
#2140 = SHAPE_REPRESENTATION_RELATIONSHIP ( 'NONE' , 'NONE' ,  #203, #1504 ) ;
#2141 = EDGE_LOOP ( 'NONE', ( #538, #794 ) ) ;
#2142 = DIRECTION ( 'NONE',  ( 0.000000000000000000, 1.000000000000000000, 0.000000000000000000 ) ) ;
#2143 = CARTESIAN_POINT ( 'NONE',  ( 2.300000000000002043, -3.350000000000000089, 0.000000000000000000 ) ) ;
#2144 = VERTEX_POINT ( 'NONE', #542 ) ;
#2145 =( NAMED_UNIT ( * ) SI_UNIT ( $, .STERADIAN. ) SOLID_ANGLE_UNIT ( ) );
#2146 = ORIENTED_EDGE ( 'NONE', *, *, #119, .F. ) ;
#2147 = AXIS2_PLACEMENT_3D ( 'NONE', #1426, #554, #1439 ) ;
#2148 = CARTESIAN_POINT ( 'NONE',  ( -1.499999999999997780, -1.850000000000000089, 0.001000000000000000021 ) ) ;
#2149 = UNCERTAINTY_MEASURE_WITH_UNIT (LENGTH_MEASURE( 1.000000000000000082E-05 ), #1337, 'distance_accuracy_value', 'NONE');
#2150 = PLANE ( 'NONE',  #1393 ) ;
#2151 = COLOUR_RGB ( '',1.000000000000000000, 1.000000000000000000, 0.000000000000000000 ) ;
#2152 = SHAPE_REPRESENTATION_RELATIONSHIP ( 'NONE' , 'NONE' ,  #537, #167 ) ;
#2153 = LINE ( 'NONE', #1994, #1571 ) ;
#2154 = MECHANICAL_DESIGN_GEOMETRIC_PRESENTATION_REPRESENTATION (  '', ( #1516 ), #498 ) ;
#2155 = CARTESIAN_POINT ( 'NONE',  ( 2.300000000000002931, 3.349999999999999645, 0.001000000000000000021 ) ) ;
#2156 = SURFACE_SIDE_STYLE ('',( #1450 ) ) ;
#2157 = ORIENTED_EDGE ( 'NONE', *, *, #1133, .T. ) ;
#2158 = SURFACE_STYLE_FILL_AREA ( #735 ) ;
#2159 = VERTEX_POINT ( 'NONE', #754 ) ;
#2160 = ADVANCED_FACE ( 'NONE', ( #2170 ), #1417, .F. ) ;
#2161 = SURFACE_STYLE_USAGE ( .BOTH. , #2175 ) ;
#2162 = AXIS2_PLACEMENT_3D ( 'NONE', #2239, #1864, #1670 ) ;
#2163 =( LENGTH_UNIT ( ) NAMED_UNIT ( * ) SI_UNIT ( .MILLI., .METRE. ) );
#2164 = FILL_AREA_STYLE_COLOUR ( '', #1070 ) ;
#2165 = LINE ( 'NONE', #1696, #102 ) ;
#2166 = COLOUR_RGB ( '',1.000000000000000000, 0.9333333333333333481, 0.1843137254901960898 ) ;
#2167 = AXIS2_PLACEMENT_3D ( 'NONE', #192, #363, #1897 ) ;
#2168 = LINE ( 'NONE', #399, #737 ) ;
#2169 = ADVANCED_FACE ( 'NONE', ( #1480 ), #643, .F. ) ;
#2170 = FACE_OUTER_BOUND ( 'NONE', #2001, .T. ) ;
#2171 = ORIENTED_EDGE ( 'NONE', *, *, #1805, .F. ) ;
#2172 = PRESENTATION_LAYER_ASSIGNMENT (  '', '', ( #779 ) ) ;
#2173 = PRESENTATION_STYLE_ASSIGNMENT (( #244 ) ) ;
#2174 = EDGE_LOOP ( 'NONE', ( #349, #1514, #371, #1372 ) ) ;
#2175 = SURFACE_SIDE_STYLE ('',( #46 ) ) ;
#2176 = UNCERTAINTY_MEASURE_WITH_UNIT (LENGTH_MEASURE( 1.000000000000000082E-05 ), #1263, 'distance_accuracy_value', 'NONE');
#2177 = CARTESIAN_POINT ( 'NONE',  ( 0.000000000000000000, 0.000000000000000000, 2.299999999999999822 ) ) ;
#2178 = PRESENTATION_STYLE_ASSIGNMENT (( #763 ) ) ;
#2179 = CIRCLE ( 'NONE', #191, 2.299999999999999822 ) ;
#2180 = LINE ( 'NONE', #2155, #1034 ) ;
#2181 = PRESENTATION_LAYER_ASSIGNMENT (  '', '', ( #1987 ) ) ;
#2182 = EDGE_CURVE ( 'NONE', #33, #1964, #608, .T. ) ;
#2183 = DIRECTION ( 'NONE',  ( -0.000000000000000000, -0.000000000000000000, -1.000000000000000000 ) ) ;
#2184 = ORIENTED_EDGE ( 'NONE', *, *, #39, .F. ) ;
#2185 = PLANE ( 'NONE',  #2091 ) ;
#2186 = EDGE_LOOP ( 'NONE', ( #2236, #1623, #1474, #25 ) ) ;
#2187 = FILL_AREA_STYLE_COLOUR ( '', #572 ) ;
#2188 = DIRECTION ( 'NONE',  ( 0.000000000000000000, -0.000000000000000000, -1.000000000000000000 ) ) ;
#2189 = EDGE_CURVE ( 'NONE', #1455, #2144, #801, .T. ) ;
#2190 = VECTOR ( 'NONE', #488, 1000.000000000000000 ) ;
#2191 = DIRECTION ( 'NONE',  ( -1.000000000000000000, 0.000000000000000000, 0.000000000000000000 ) ) ;
#2192 = COLOUR_RGB ( '',1.000000000000000000, 1.000000000000000000, 0.000000000000000000 ) ;
#2193 = ORIENTED_EDGE ( 'NONE', *, *, #984, .F. ) ;
#2194 = MECHANICAL_DESIGN_GEOMETRIC_PRESENTATION_REPRESENTATION (  '', ( #1519 ), #1919 ) ;
#2195 = CARTESIAN_POINT ( 'NONE',  ( 2.300000000000002931, 3.349999999999999645, 0.001000000000000000021 ) ) ;
#2196 = CARTESIAN_POINT ( 'NONE',  ( 2.300000000000002931, 3.349999999999999645, 0.000000000000000000 ) ) ;
#2197 = ORIENTED_EDGE ( 'NONE', *, *, #1592, .T. ) ;
#2198 = LINE ( 'NONE', #1505, #2190 ) ;
#2199 = EDGE_CURVE ( 'NONE', #1772, #457, #286, .T. ) ;
#2200 = AXIS2_PLACEMENT_3D ( 'NONE', #517, #1901, #669 ) ;
#2201 = APPLICATION_CONTEXT ( 'automotive_design' ) ;
#2202 = UNCERTAINTY_MEASURE_WITH_UNIT (LENGTH_MEASURE( 1.000000000000000082E-05 ), #1824, 'distance_accuracy_value', 'NONE');
#2203 = FILL_AREA_STYLE ('',( #1300 ) ) ;
#2204 = LINE ( 'NONE', #330, #258 ) ;
#2205 = FACE_OUTER_BOUND ( 'NONE', #2174, .T. ) ;
#2206 = COLOUR_RGB ( '',1.000000000000000000, 1.000000000000000000, 0.000000000000000000 ) ;
#2207 = EDGE_LOOP ( 'NONE', ( #1645, #289, #1828, #2223 ) ) ;
#2208 =( NAMED_UNIT ( * ) PLANE_ANGLE_UNIT ( ) SI_UNIT ( $, .RADIAN. ) );
#2209 = CARTESIAN_POINT ( 'NONE',  ( -1.499999999999997780, -1.850000000000000089, 0.001000000000000000021 ) ) ;
#2210 = PRESENTATION_STYLE_ASSIGNMENT (( #1665 ) ) ;
#2211 = EDGE_LOOP ( 'NONE', ( #1740, #1242, #1913, #185 ) ) ;
#2212 =( NAMED_UNIT ( * ) SI_UNIT ( $, .STERADIAN. ) SOLID_ANGLE_UNIT ( ) );
#2213 = ADVANCED_FACE ( 'NONE', ( #811 ), #775, .F. ) ;
#2214 = DIRECTION ( 'NONE',  ( -2.891205793294679312E-16, -1.000000000000000000, 0.000000000000000000 ) ) ;
#2215 = CARTESIAN_POINT ( 'NONE',  ( 2.300000000000002043, -3.350000000000000089, 0.001000000000000000021 ) ) ;
#2216 = PRESENTATION_STYLE_ASSIGNMENT (( #1508 ) ) ;
#2217 = DIRECTION ( 'NONE',  ( -0.000000000000000000, -0.000000000000000000, 1.000000000000000000 ) ) ;
#2218 = ORIENTED_EDGE ( 'NONE', *, *, #1174, .F. ) ;
#2219 = PRESENTATION_LAYER_ASSIGNMENT (  '', '', ( #593 ) ) ;
#2220 = DIRECTION ( 'NONE',  ( -0.000000000000000000, -0.000000000000000000, -1.000000000000000000 ) ) ;
#2221 = CYLINDRICAL_SURFACE ( 'NONE', #1008, 2.299999999999999822 ) ;
#2222 = CARTESIAN_POINT ( 'NONE',  ( 2.300000000000002043, -1.850000000000000089, -0.000000000000000000 ) ) ;
#2223 = ORIENTED_EDGE ( 'NONE', *, *, #2199, .T. ) ;
#2224 = LINE ( 'NONE', #990, #782 ) ;
#2225 = SURFACE_SIDE_STYLE ('',( #1106 ) ) ;
#2226 = CARTESIAN_POINT ( 'NONE',  ( 0.4000000000000030198, 3.349999999999999645, 0.001000000000000000021 ) ) ;
#2227 = DIRECTION ( 'NONE',  ( -0.000000000000000000, -0.000000000000000000, -1.000000000000000000 ) ) ;
#2228 = SURFACE_STYLE_USAGE ( .BOTH. , #2008 ) ;
#2229 = EDGE_CURVE ( 'NONE', #1951, #1834, #2036, .T. ) ;
#2230 = PRESENTATION_LAYER_ASSIGNMENT (  '', '', ( #930 ) ) ;
#2231 = DIRECTION ( 'NONE',  ( 0.7396656755072640310, -0.6729745080434940130, 0.000000000000000000 ) ) ;
#2232 = AXIS2_PLACEMENT_3D ( 'NONE', #1764, #1716, #187 ) ;
#2233 = DIRECTION ( 'NONE',  ( -0.000000000000000000, -0.000000000000000000, -1.000000000000000000 ) ) ;
#2234 = SURFACE_STYLE_FILL_AREA ( #1525 ) ;
#2235 = PRESENTATION_LAYER_ASSIGNMENT (  '', '', ( #714 ) ) ;
#2236 = ORIENTED_EDGE ( 'NONE', *, *, #1219, .T. ) ;
#2237 = CARTESIAN_POINT ( 'NONE',  ( -2.500000000000000000, 0.000000000000000000, 0.5000000000000000000 ) ) ;
#2238 = PRESENTATION_STYLE_ASSIGNMENT (( #2042 ) ) ;
#2239 = CARTESIAN_POINT ( 'NONE',  ( 1.880000000000001226, 1.280000000000000249, 0.01000000000000000021 ) ) ;
#2240 = SURFACE_SIDE_STYLE ('',( #787 ) ) ;
#2241 = ADVANCED_FACE ( 'NONE', ( #1473 ), #1302, .F. ) ;
#2242 = ORIENTED_EDGE ( 'NONE', *, *, #480, .F. ) ;
#2243 = FILL_AREA_STYLE ('',( #308 ) ) ;
#2244 = MECHANICAL_DESIGN_GEOMETRIC_PRESENTATION_REPRESENTATION (  '', ( #650 ), #615 ) ;
#2245 = PRESENTATION_STYLE_ASSIGNMENT (( #1702 ) ) ;
#2246 = COLOUR_RGB ( '',1.000000000000000000, 1.000000000000000000, 0.000000000000000000 ) ;
#2247 = ORIENTED_EDGE ( 'NONE', *, *, #90, .T. ) ;
#2248 = AXIS2_PLACEMENT_3D ( 'NONE', #1345, #130, #120 ) ;
#2249 =( NAMED_UNIT ( * ) PLANE_ANGLE_UNIT ( ) SI_UNIT ( $, .RADIAN. ) );
#2250 =( REPRESENTATION_RELATIONSHIP ('NONE','NONE', #1713, #537 ) REPRESENTATION_RELATIONSHIP_WITH_TRANSFORMATION ( #785 )SHAPE_REPRESENTATION_RELATIONSHIP( ) );
#2251 = UNCERTAINTY_MEASURE_WITH_UNIT (LENGTH_MEASURE( 1.000000000000000082E-05 ), #1642, 'distance_accuracy_value', 'NONE');
#2252 = ADVANCED_FACE ( 'NONE', ( #2205 ), #494, .F. ) ;
#2253 = FILL_AREA_STYLE ('',( #122 ) ) ;
#2254 = DIRECTION ( 'NONE',  ( 0.000000000000000000, 1.000000000000000000, -0.000000000000000000 ) ) ;
#2255 = CARTESIAN_POINT ( 'NONE',  ( -2.500000000000000000, 3.061616997868383141E-16, 2.299999999999999822 ) ) ;
#2256 = ORIENTED_EDGE ( 'NONE', *, *, #552, .T. ) ;
#2257 = CIRCLE ( 'NONE', #2137, 2.500000000000000000 ) ;
#2258 = DIRECTION ( 'NONE',  ( 0.000000000000000000, -0.000000000000000000, -1.000000000000000000 ) ) ;
#2259 = AXIS2_PLACEMENT_3D ( 'NONE', #1433, #915, #1614 ) ;
#2260 = FACE_OUTER_BOUND ( 'NONE', #360, .T. ) ;
#2261 = LINE ( 'NONE', #878, #175 ) ;
#2262 = DIRECTION ( 'NONE',  ( -1.000000000000000000, 1.224646799147353207E-16, 0.000000000000000000 ) ) ;
#2263 = EDGE_LOOP ( 'NONE', ( #112, #1247, #2052, #1934 ) ) ;
#2264 = VECTOR ( 'NONE', #77, 1000.000000000000000 ) ;
#2265 = FACE_OUTER_BOUND ( 'NONE', #802, .T. ) ;
#2266 = CYLINDRICAL_SURFACE ( 'NONE', #312, 2.500000000000000000 ) ;
#2267 = CARTESIAN_POINT ( 'NONE',  ( 2.899999999999999911, 3.551475717527323832E-16, 2.299999999999999822 ) ) ;
#2268 = EDGE_LOOP ( 'NONE', ( #367, #2061, #769, #1809 ) ) ;
#2269 = STYLED_ITEM ( 'NONE', ( #722 ), #429 ) ;
#2270 = FACE_OUTER_BOUND ( 'NONE', #1324, .T. ) ;
#2271 = VECTOR ( 'NONE', #279, 1000.000000000000000 ) ;
#2272 = STYLED_ITEM ( 'NONE', ( #2210 ), #1866 ) ;
#2273 = SURFACE_STYLE_FILL_AREA ( #502 ) ;
#2274 = DIRECTION ( 'NONE',  ( 1.275531967630005245E-16, -1.000000000000000000, 0.000000000000000000 ) ) ;
#2275 = CARTESIAN_POINT ( 'NONE',  ( 0.4000000000000021316, -3.350000000000000089, 0.001000000000000000021 ) ) ;
#2276 = FILL_AREA_STYLE ('',( #2118 ) ) ;
#2277 = VERTEX_POINT ( 'NONE', #1700 ) ;
#2278 = CIRCLE ( 'NONE', #1421, 0.05000000000000012768 ) ;
#2279 = CARTESIAN_POINT ( 'NONE',  ( 0.4000000000000025757, 1.850000000000000089, 0.001000000000000000021 ) ) ;
#2280 = SURFACE_STYLE_USAGE ( .BOTH. , #1923 ) ;
#2281 = DIRECTION ( 'NONE',  ( 1.000000000000000000, 0.000000000000000000, 0.000000000000000000 ) ) ;
#2282 = ORIENTED_EDGE ( 'NONE', *, *, #1612, .F. ) ;
#2283 = EDGE_CURVE ( 'NONE', #736, #600, #1753, .T. ) ;
#2284 = DIRECTION ( 'NONE',  ( -0.000000000000000000, -0.000000000000000000, 1.000000000000000000 ) ) ;
#2285 = AXIS2_PLACEMENT_3D ( 'NONE', #2279, #848, #484 ) ;
#2286 = AXIS2_PLACEMENT_3D ( 'NONE', #1171, #2056, #420 ) ;
#2287 = ADVANCED_FACE ( 'NONE', ( #320 ), #515, .F. ) ;
#2288 = ORIENTED_EDGE ( 'NONE', *, *, #2053, .T. ) ;
#2289 = NEXT_ASSEMBLY_USAGE_OCCURRENCE ( 'NAUO1', ' ', ' ', #1695, #361, $ ) ;
#2290 = NEXT_ASSEMBLY_USAGE_OCCURRENCE ( 'NAUO2', ' ', ' ', #1695, #1581, $ ) ;
ENDSEC;
END-ISO-10303-21;
